[0.000000] (-) TimerEvent: {}
[0.002766] (lab1) JobQueued: {'identifier': 'lab1', 'dependencies': OrderedDict()}
[0.003190] (rplidar_ros) JobQueued: {'identifier': 'rplidar_ros', 'dependencies': OrderedDict()}
[0.003492] (lab1) JobStarted: {'identifier': 'lab1'}
[0.053307] (rplidar_ros) JobStarted: {'identifier': 'rplidar_ros'}
[0.099020] (-) TimerEvent: {}
[0.199788] (-) TimerEvent: {}
[0.300431] (-) TimerEvent: {}
[0.401094] (-) TimerEvent: {}
[0.501702] (-) TimerEvent: {}
[0.602309] (-) TimerEvent: {}
[0.702910] (-) TimerEvent: {}
[0.803562] (-) TimerEvent: {}
[0.904254] (-) TimerEvent: {}
[1.004958] (-) TimerEvent: {}
[1.106937] (-) TimerEvent: {}
[1.207648] (-) TimerEvent: {}
[1.241911] (rplidar_ros) JobProgress: {'identifier': 'rplidar_ros', 'progress': 'cmake'}
[1.243815] (rplidar_ros) Command: {'cmd': ['/usr/bin/cmake', '/root/humble_ws/src/rplidar_ros', '-DAMENT_CMAKE_SYMLINK_INSTALL=1', '-DCMAKE_INSTALL_PREFIX=/root/humble_ws/install/rplidar_ros'], 'cwd': '/root/humble_ws/build/rplidar_ros', 'env': OrderedDict([('LESSOPEN', '| /usr/bin/lesspipe %s'), ('HOSTNAME', 'as0-desktop'), ('SHLVL', '1'), ('LD_LIBRARY_PATH', '/opt/ros/humble/opt/rviz_ogre_vendor/lib:/opt/ros/humble/lib/aarch64-linux-gnu:/opt/ros/humble/lib'), ('HOME', '/root'), ('OLDPWD', '/'), ('ROS_PYTHON_VERSION', '3'), ('LC_CTYPE', 'C.UTF-8'), ('COLCON_PREFIX_PATH', '/root/humble_ws/install'), ('ROS_DISTRO', 'humble'), ('_', '/usr/bin/colcon'), ('ROS_VERSION', '2'), ('TERM', 'xterm'), ('ROS_LOCALHOST_ONLY', '0'), ('PATH', '/opt/ros/humble/bin:/usr/local/sbin:/usr/local/bin:/usr/sbin:/usr/bin:/sbin:/bin'), ('LS_COLORS', 'rs=0:di=01;34:ln=01;36:mh=00:pi=40;33:so=01;35:do=01;35:bd=40;33;01:cd=40;33;01:or=40;31;01:mi=00:su=37;41:sg=30;43:ca=30;41:tw=30;42:ow=34;42:st=37;44:ex=01;32:*.tar=01;31:*.tgz=01;31:*.arc=01;31:*.arj=01;31:*.taz=01;31:*.lha=01;31:*.lz4=01;31:*.lzh=01;31:*.lzma=01;31:*.tlz=01;31:*.txz=01;31:*.tzo=01;31:*.t7z=01;31:*.zip=01;31:*.z=01;31:*.dz=01;31:*.gz=01;31:*.lrz=01;31:*.lz=01;31:*.lzo=01;31:*.xz=01;31:*.zst=01;31:*.tzst=01;31:*.bz2=01;31:*.bz=01;31:*.tbz=01;31:*.tbz2=01;31:*.tz=01;31:*.deb=01;31:*.rpm=01;31:*.jar=01;31:*.war=01;31:*.ear=01;31:*.sar=01;31:*.rar=01;31:*.alz=01;31:*.ace=01;31:*.zoo=01;31:*.cpio=01;31:*.7z=01;31:*.rz=01;31:*.cab=01;31:*.wim=01;31:*.swm=01;31:*.dwm=01;31:*.esd=01;31:*.jpg=01;35:*.jpeg=01;35:*.mjpg=01;35:*.mjpeg=01;35:*.gif=01;35:*.bmp=01;35:*.pbm=01;35:*.pgm=01;35:*.ppm=01;35:*.tga=01;35:*.xbm=01;35:*.xpm=01;35:*.tif=01;35:*.tiff=01;35:*.png=01;35:*.svg=01;35:*.svgz=01;35:*.mng=01;35:*.pcx=01;35:*.mov=01;35:*.mpg=01;35:*.mpeg=01;35:*.m2v=01;35:*.mkv=01;35:*.webm=01;35:*.webp=01;35:*.ogm=01;35:*.mp4=01;35:*.m4v=01;35:*.mp4v=01;35:*.vob=01;35:*.qt=01;35:*.nuv=01;35:*.wmv=01;35:*.asf=01;35:*.rm=01;35:*.rmvb=01;35:*.flc=01;35:*.avi=01;35:*.fli=01;35:*.flv=01;35:*.gl=01;35:*.dl=01;35:*.xcf=01;35:*.xwd=01;35:*.yuv=01;35:*.cgm=01;35:*.emf=01;35:*.ogv=01;35:*.ogx=01;35:*.aac=00;36:*.au=00;36:*.flac=00;36:*.m4a=00;36:*.mid=00;36:*.midi=00;36:*.mka=00;36:*.mp3=00;36:*.mpc=00;36:*.ogg=00;36:*.ra=00;36:*.wav=00;36:*.oga=00;36:*.opus=00;36:*.spx=00;36:*.xspf=00;36:'), ('ROS_DOMAIN_ID', '52'), ('AMENT_PREFIX_PATH', '/root/humble_ws/install/lab1:/opt/ros/humble'), ('LESSCLOSE', '/usr/bin/lesspipe %s %s'), ('PWD', '/root/humble_ws/build/rplidar_ros'), ('PYTHONPATH', '/root/humble_ws/build/lab1:/root/humble_ws/install/lab1/lib/python3.10/site-packages:/opt/ros/humble/lib/python3.10/site-packages:/opt/ros/humble/local/lib/python3.10/dist-packages'), ('COLCON', '1'), ('CMAKE_PREFIX_PATH', '/root/humble_ws/install/lab1:/opt/ros/humble')]), 'shell': False}
[1.307858] (-) TimerEvent: {}
[1.408623] (-) TimerEvent: {}
[1.509261] (-) TimerEvent: {}
[1.609893] (-) TimerEvent: {}
[1.710613] (-) TimerEvent: {}
[1.811271] (-) TimerEvent: {}
[1.911931] (-) TimerEvent: {}
[2.012643] (-) TimerEvent: {}
[2.113266] (-) TimerEvent: {}
[2.150428] (rplidar_ros) StdoutLine: {'line': b'-- The C compiler identification is GNU 11.4.0\n'}
[2.213417] (-) TimerEvent: {}
[2.314736] (-) TimerEvent: {}
[2.415343] (-) TimerEvent: {}
[2.515946] (-) TimerEvent: {}
[2.612611] (rplidar_ros) StdoutLine: {'line': b'-- The CXX compiler identification is GNU 11.4.0\n'}
[2.616090] (-) TimerEvent: {}
[2.647407] (rplidar_ros) StdoutLine: {'line': b'-- Detecting C compiler ABI info\n'}
[2.716249] (-) TimerEvent: {}
[2.817158] (-) TimerEvent: {}
[2.895197] (rplidar_ros) StdoutLine: {'line': b'-- Detecting C compiler ABI info - done\n'}
[2.917374] (-) TimerEvent: {}
[2.929832] (rplidar_ros) StdoutLine: {'line': b'-- Check for working C compiler: /usr/bin/cc - skipped\n'}
[2.932895] (rplidar_ros) StdoutLine: {'line': b'-- Detecting C compile features\n'}
[2.935056] (rplidar_ros) StdoutLine: {'line': b'-- Detecting C compile features - done\n'}
[2.949962] (rplidar_ros) StdoutLine: {'line': b'-- Detecting CXX compiler ABI info\n'}
[3.017582] (-) TimerEvent: {}
[3.118285] (-) TimerEvent: {}
[3.218977] (-) TimerEvent: {}
[3.236965] (rplidar_ros) StdoutLine: {'line': b'-- Detecting CXX compiler ABI info - done\n'}
[3.271869] (rplidar_ros) StdoutLine: {'line': b'-- Check for working CXX compiler: /usr/bin/c++ - skipped\n'}
[3.272847] (rplidar_ros) StdoutLine: {'line': b'-- Detecting CXX compile features\n'}
[3.274698] (rplidar_ros) StdoutLine: {'line': b'-- Detecting CXX compile features - done\n'}
[3.294615] (rplidar_ros) StdoutLine: {'line': b'-- Found ament_cmake: 1.3.14 (/opt/ros/humble/share/ament_cmake/cmake)\n'}
[3.319130] (-) TimerEvent: {}
[3.419954] (-) TimerEvent: {}
[3.520723] (-) TimerEvent: {}
[3.621408] (-) TimerEvent: {}
[3.722154] (-) TimerEvent: {}
[3.822861] (-) TimerEvent: {}
[3.923592] (-) TimerEvent: {}
[3.941887] (rplidar_ros) StdoutLine: {'line': b'-- Found Python3: /usr/bin/python3 (found version "3.10.12") found components: Interpreter \n'}
[4.023793] (-) TimerEvent: {}
[4.124482] (-) TimerEvent: {}
[4.225183] (-) TimerEvent: {}
[4.257076] (rplidar_ros) StdoutLine: {'line': b'-- Override CMake install command with custom implementation using symlinks instead of copying resources\n'}
[4.325435] (-) TimerEvent: {}
[4.340161] (lab1) Command: {'cmd': ['/usr/bin/python3', '-W', 'ignore:setup.py install is deprecated', '-W', 'ignore:easy_install command is deprecated', 'setup.py', 'develop', '--editable', '--build-directory', '/root/humble_ws/build/lab1/build', '--no-deps', 'symlink_data'], 'cwd': '/root/humble_ws/build/lab1', 'env': {'LESSOPEN': '| /usr/bin/lesspipe %s', 'HOSTNAME': 'as0-desktop', 'SHLVL': '1', 'LD_LIBRARY_PATH': '/opt/ros/humble/opt/rviz_ogre_vendor/lib:/opt/ros/humble/lib/aarch64-linux-gnu:/opt/ros/humble/lib', 'HOME': '/root', 'OLDPWD': '/', 'ROS_PYTHON_VERSION': '3', 'LC_CTYPE': 'C.UTF-8', 'COLCON_PREFIX_PATH': '/root/humble_ws/install', 'ROS_DISTRO': 'humble', '_': '/usr/bin/colcon', 'ROS_VERSION': '2', 'TERM': 'xterm', 'ROS_LOCALHOST_ONLY': '0', 'PATH': '/opt/ros/humble/bin:/usr/local/sbin:/usr/local/bin:/usr/sbin:/usr/bin:/sbin:/bin', 'LS_COLORS': 'rs=0:di=01;34:ln=01;36:mh=00:pi=40;33:so=01;35:do=01;35:bd=40;33;01:cd=40;33;01:or=40;31;01:mi=00:su=37;41:sg=30;43:ca=30;41:tw=30;42:ow=34;42:st=37;44:ex=01;32:*.tar=01;31:*.tgz=01;31:*.arc=01;31:*.arj=01;31:*.taz=01;31:*.lha=01;31:*.lz4=01;31:*.lzh=01;31:*.lzma=01;31:*.tlz=01;31:*.txz=01;31:*.tzo=01;31:*.t7z=01;31:*.zip=01;31:*.z=01;31:*.dz=01;31:*.gz=01;31:*.lrz=01;31:*.lz=01;31:*.lzo=01;31:*.xz=01;31:*.zst=01;31:*.tzst=01;31:*.bz2=01;31:*.bz=01;31:*.tbz=01;31:*.tbz2=01;31:*.tz=01;31:*.deb=01;31:*.rpm=01;31:*.jar=01;31:*.war=01;31:*.ear=01;31:*.sar=01;31:*.rar=01;31:*.alz=01;31:*.ace=01;31:*.zoo=01;31:*.cpio=01;31:*.7z=01;31:*.rz=01;31:*.cab=01;31:*.wim=01;31:*.swm=01;31:*.dwm=01;31:*.esd=01;31:*.jpg=01;35:*.jpeg=01;35:*.mjpg=01;35:*.mjpeg=01;35:*.gif=01;35:*.bmp=01;35:*.pbm=01;35:*.pgm=01;35:*.ppm=01;35:*.tga=01;35:*.xbm=01;35:*.xpm=01;35:*.tif=01;35:*.tiff=01;35:*.png=01;35:*.svg=01;35:*.svgz=01;35:*.mng=01;35:*.pcx=01;35:*.mov=01;35:*.mpg=01;35:*.mpeg=01;35:*.m2v=01;35:*.mkv=01;35:*.webm=01;35:*.webp=01;35:*.ogm=01;35:*.mp4=01;35:*.m4v=01;35:*.mp4v=01;35:*.vob=01;35:*.qt=01;35:*.nuv=01;35:*.wmv=01;35:*.asf=01;35:*.rm=01;35:*.rmvb=01;35:*.flc=01;35:*.avi=01;35:*.fli=01;35:*.flv=01;35:*.gl=01;35:*.dl=01;35:*.xcf=01;35:*.xwd=01;35:*.yuv=01;35:*.cgm=01;35:*.emf=01;35:*.ogv=01;35:*.ogx=01;35:*.aac=00;36:*.au=00;36:*.flac=00;36:*.m4a=00;36:*.mid=00;36:*.midi=00;36:*.mka=00;36:*.mp3=00;36:*.mpc=00;36:*.ogg=00;36:*.ra=00;36:*.wav=00;36:*.oga=00;36:*.opus=00;36:*.spx=00;36:*.xspf=00;36:', 'ROS_DOMAIN_ID': '52', 'AMENT_PREFIX_PATH': '/root/humble_ws/install/lab1:/opt/ros/humble', 'LESSCLOSE': '/usr/bin/lesspipe %s %s', 'PWD': '/root/humble_ws/build/lab1', 'PYTHONPATH': '/root/humble_ws/build/lab1/prefix_override:/usr/lib/python3/dist-packages/colcon_core/task/python/colcon_distutils_commands:/root/humble_ws/install/lab1/lib/python3.10/site-packages:/root/humble_ws/build/lab1:/root/humble_ws/install/lab1/lib/python3.10/site-packages:/opt/ros/humble/lib/python3.10/site-packages:/opt/ros/humble/local/lib/python3.10/dist-packages', 'COLCON': '1'}, 'shell': False}
[4.425618] (-) TimerEvent: {}
[4.465172] (rplidar_ros) StdoutLine: {'line': b'-- Found rclcpp: 16.0.19 (/opt/ros/humble/share/rclcpp/cmake)\n'}
[4.525784] (-) TimerEvent: {}
[4.626407] (-) TimerEvent: {}
[4.727043] (-) TimerEvent: {}
[4.741287] (rplidar_ros) StdoutLine: {'line': b'-- Found rosidl_generator_c: 3.1.9 (/opt/ros/humble/share/rosidl_generator_c/cmake)\n'}
[4.775590] (rplidar_ros) StdoutLine: {'line': b'-- Found rosidl_adapter: 3.1.9 (/opt/ros/humble/share/rosidl_adapter/cmake)\n'}
[4.827200] (-) TimerEvent: {}
[4.831941] (rplidar_ros) StdoutLine: {'line': b'-- Found rosidl_generator_cpp: 3.1.9 (/opt/ros/humble/share/rosidl_generator_cpp/cmake)\n'}
[4.907837] (rplidar_ros) StdoutLine: {'line': b'-- Using all available rosidl_typesupport_c: rosidl_typesupport_fastrtps_c;rosidl_typesupport_introspection_c\n'}
[4.927407] (-) TimerEvent: {}
[5.007979] (rplidar_ros) StdoutLine: {'line': b'-- Using all available rosidl_typesupport_cpp: rosidl_typesupport_fastrtps_cpp;rosidl_typesupport_introspection_cpp\n'}
[5.027558] (-) TimerEvent: {}
[5.128163] (-) TimerEvent: {}
[5.228873] (-) TimerEvent: {}
[5.282276] (rplidar_ros) StdoutLine: {'line': b'-- Found rmw_implementation_cmake: 6.1.3 (/opt/ros/humble/share/rmw_implementation_cmake/cmake)\n'}
[5.300878] (rplidar_ros) StdoutLine: {'line': b'-- Found rmw_fastrtps_cpp: 6.2.10 (/opt/ros/humble/share/rmw_fastrtps_cpp/cmake)\n'}
[5.329025] (-) TimerEvent: {}
[5.429648] (-) TimerEvent: {}
[5.530338] (-) TimerEvent: {}
[5.574060] (lab1) StdoutLine: {'line': b'running develop\n'}
[5.630500] (-) TimerEvent: {}
[5.713231] (rplidar_ros) StdoutLine: {'line': b'-- Found OpenSSL: /usr/lib/aarch64-linux-gnu/libcrypto.so (found version "3.0.2")  \n'}
[5.730655] (-) TimerEvent: {}
[5.831327] (-) TimerEvent: {}
[5.867811] (rplidar_ros) StdoutLine: {'line': b'-- Found FastRTPS: /opt/ros/humble/include  \n'}
[5.931544] (-) TimerEvent: {}
[6.032334] (-) TimerEvent: {}
[6.105602] (rplidar_ros) StdoutLine: {'line': b"-- Using RMW implementation 'rmw_fastrtps_cpp' as default\n"}
[6.132432] (-) TimerEvent: {}
[6.171094] (rplidar_ros) StdoutLine: {'line': b'-- Looking for pthread.h\n'}
[6.232618] (-) TimerEvent: {}
[6.333360] (-) TimerEvent: {}
[6.369803] (lab1) StdoutLine: {'line': b'running egg_info\n'}
[6.370740] (lab1) StdoutLine: {'line': b'writing lab1.egg-info/PKG-INFO\n'}
[6.372668] (lab1) StdoutLine: {'line': b'writing dependency_links to lab1.egg-info/dependency_links.txt\n'}
[6.373360] (lab1) StdoutLine: {'line': b'writing entry points to lab1.egg-info/entry_points.txt\n'}
[6.373768] (lab1) StdoutLine: {'line': b'writing requirements to lab1.egg-info/requires.txt\n'}
[6.374195] (lab1) StdoutLine: {'line': b'writing top-level names to lab1.egg-info/top_level.txt\n'}
[6.381081] (lab1) StdoutLine: {'line': b"reading manifest file 'lab1.egg-info/SOURCES.txt'\n"}
[6.384987] (lab1) StdoutLine: {'line': b"writing manifest file 'lab1.egg-info/SOURCES.txt'\n"}
[6.391634] (lab1) StdoutLine: {'line': b'running build_ext\n'}
[6.392528] (lab1) StdoutLine: {'line': b'Creating /root/humble_ws/install/lab1/lib/python3.10/site-packages/lab1.egg-link (link to .)\n'}
[6.396969] (lab1) StdoutLine: {'line': b'Installing bridge script to /root/humble_ws/install/lab1/lib/lab1\n'}
[6.398043] (lab1) StdoutLine: {'line': b'\n'}
[6.398603] (lab1) StdoutLine: {'line': b'Installed /root/humble_ws/build/lab1\n'}
[6.399068] (lab1) StdoutLine: {'line': b'running symlink_data\n'}
[6.433588] (-) TimerEvent: {}
[6.439381] (rplidar_ros) StdoutLine: {'line': b'-- Looking for pthread.h - found\n'}
[6.440704] (rplidar_ros) StdoutLine: {'line': b'-- Performing Test CMAKE_HAVE_LIBC_PTHREAD\n'}
[6.533822] (-) TimerEvent: {}
[6.544830] (lab1) CommandEnded: {'returncode': 0}
[6.616245] (lab1) JobEnded: {'identifier': 'lab1', 'rc': 0}
[6.634000] (-) TimerEvent: {}
[6.697404] (rplidar_ros) StdoutLine: {'line': b'-- Performing Test CMAKE_HAVE_LIBC_PTHREAD - Success\n'}
[6.701310] (rplidar_ros) StdoutLine: {'line': b'-- Found Threads: TRUE  \n'}
[6.734208] (-) TimerEvent: {}
[6.834820] (-) TimerEvent: {}
[6.935490] (-) TimerEvent: {}
[7.008614] (rplidar_ros) StdoutLine: {'line': b'-- Found sensor_msgs: 4.9.2 (/opt/ros/humble/share/sensor_msgs/cmake)\n'}
[7.035688] (-) TimerEvent: {}
[7.136307] (-) TimerEvent: {}
[7.183103] (rplidar_ros) StdoutLine: {'line': b'-- Found std_srvs: 4.9.2 (/opt/ros/humble/share/std_srvs/cmake)\n'}
[7.236522] (-) TimerEvent: {}
[7.337228] (-) TimerEvent: {}
[7.437904] (-) TimerEvent: {}
[7.538591] (-) TimerEvent: {}
[7.546448] (rplidar_ros) StdoutLine: {'line': b'-- Configuring done\n'}
[7.629025] (rplidar_ros) StdoutLine: {'line': b'-- Generating done\n'}
[7.638802] (-) TimerEvent: {}
[7.656027] (rplidar_ros) StdoutLine: {'line': b'-- Build files have been written to: /root/humble_ws/build/rplidar_ros\n'}
[7.690994] (rplidar_ros) CommandEnded: {'returncode': 0}
[7.692836] (rplidar_ros) JobProgress: {'identifier': 'rplidar_ros', 'progress': 'build'}
[7.696088] (rplidar_ros) Command: {'cmd': ['/usr/bin/cmake', '--build', '/root/humble_ws/build/rplidar_ros', '--', '-j4', '-l4'], 'cwd': '/root/humble_ws/build/rplidar_ros', 'env': OrderedDict([('LESSOPEN', '| /usr/bin/lesspipe %s'), ('HOSTNAME', 'as0-desktop'), ('SHLVL', '1'), ('LD_LIBRARY_PATH', '/opt/ros/humble/opt/rviz_ogre_vendor/lib:/opt/ros/humble/lib/aarch64-linux-gnu:/opt/ros/humble/lib'), ('HOME', '/root'), ('OLDPWD', '/'), ('ROS_PYTHON_VERSION', '3'), ('LC_CTYPE', 'C.UTF-8'), ('COLCON_PREFIX_PATH', '/root/humble_ws/install'), ('ROS_DISTRO', 'humble'), ('_', '/usr/bin/colcon'), ('ROS_VERSION', '2'), ('TERM', 'xterm'), ('ROS_LOCALHOST_ONLY', '0'), ('PATH', '/opt/ros/humble/bin:/usr/local/sbin:/usr/local/bin:/usr/sbin:/usr/bin:/sbin:/bin'), ('LS_COLORS', 'rs=0:di=01;34:ln=01;36:mh=00:pi=40;33:so=01;35:do=01;35:bd=40;33;01:cd=40;33;01:or=40;31;01:mi=00:su=37;41:sg=30;43:ca=30;41:tw=30;42:ow=34;42:st=37;44:ex=01;32:*.tar=01;31:*.tgz=01;31:*.arc=01;31:*.arj=01;31:*.taz=01;31:*.lha=01;31:*.lz4=01;31:*.lzh=01;31:*.lzma=01;31:*.tlz=01;31:*.txz=01;31:*.tzo=01;31:*.t7z=01;31:*.zip=01;31:*.z=01;31:*.dz=01;31:*.gz=01;31:*.lrz=01;31:*.lz=01;31:*.lzo=01;31:*.xz=01;31:*.zst=01;31:*.tzst=01;31:*.bz2=01;31:*.bz=01;31:*.tbz=01;31:*.tbz2=01;31:*.tz=01;31:*.deb=01;31:*.rpm=01;31:*.jar=01;31:*.war=01;31:*.ear=01;31:*.sar=01;31:*.rar=01;31:*.alz=01;31:*.ace=01;31:*.zoo=01;31:*.cpio=01;31:*.7z=01;31:*.rz=01;31:*.cab=01;31:*.wim=01;31:*.swm=01;31:*.dwm=01;31:*.esd=01;31:*.jpg=01;35:*.jpeg=01;35:*.mjpg=01;35:*.mjpeg=01;35:*.gif=01;35:*.bmp=01;35:*.pbm=01;35:*.pgm=01;35:*.ppm=01;35:*.tga=01;35:*.xbm=01;35:*.xpm=01;35:*.tif=01;35:*.tiff=01;35:*.png=01;35:*.svg=01;35:*.svgz=01;35:*.mng=01;35:*.pcx=01;35:*.mov=01;35:*.mpg=01;35:*.mpeg=01;35:*.m2v=01;35:*.mkv=01;35:*.webm=01;35:*.webp=01;35:*.ogm=01;35:*.mp4=01;35:*.m4v=01;35:*.mp4v=01;35:*.vob=01;35:*.qt=01;35:*.nuv=01;35:*.wmv=01;35:*.asf=01;35:*.rm=01;35:*.rmvb=01;35:*.flc=01;35:*.avi=01;35:*.fli=01;35:*.flv=01;35:*.gl=01;35:*.dl=01;35:*.xcf=01;35:*.xwd=01;35:*.yuv=01;35:*.cgm=01;35:*.emf=01;35:*.ogv=01;35:*.ogx=01;35:*.aac=00;36:*.au=00;36:*.flac=00;36:*.m4a=00;36:*.mid=00;36:*.midi=00;36:*.mka=00;36:*.mp3=00;36:*.mpc=00;36:*.ogg=00;36:*.ra=00;36:*.wav=00;36:*.oga=00;36:*.opus=00;36:*.spx=00;36:*.xspf=00;36:'), ('ROS_DOMAIN_ID', '52'), ('AMENT_PREFIX_PATH', '/root/humble_ws/install/lab1:/opt/ros/humble'), ('LESSCLOSE', '/usr/bin/lesspipe %s %s'), ('PWD', '/root/humble_ws/build/rplidar_ros'), ('PYTHONPATH', '/root/humble_ws/build/lab1:/root/humble_ws/install/lab1/lib/python3.10/site-packages:/opt/ros/humble/lib/python3.10/site-packages:/opt/ros/humble/local/lib/python3.10/dist-packages'), ('COLCON', '1'), ('CMAKE_PREFIX_PATH', '/root/humble_ws/install/lab1:/opt/ros/humble')]), 'shell': False}
[7.739120] (-) TimerEvent: {}
[7.839783] (-) TimerEvent: {}
[7.853691] (rplidar_ros) StdoutLine: {'line': b'[  2%] \x1b[32mBuilding CXX object CMakeFiles/rplidar_composition.dir/src/rplidar_node.cpp.o\x1b[0m\n'}
[7.855489] (rplidar_ros) StdoutLine: {'line': b'[  5%] \x1b[32mBuilding CXX object CMakeFiles/rplidar_client.dir/src/rplidar_client.cpp.o\x1b[0m\n'}
[7.861104] (rplidar_ros) StdoutLine: {'line': b'[  7%] \x1b[32mBuilding CXX object CMakeFiles/rplidar_node.dir/src/rplidar_node.cpp.o\x1b[0m\n'}
[7.870575] (rplidar_ros) StdoutLine: {'line': b'[ 10%] \x1b[32mBuilding CXX object CMakeFiles/rplidar_composition.dir/sdk/src/arch/linux/net_serial.cpp.o\x1b[0m\n'}
[7.939966] (-) TimerEvent: {}
[8.041813] (-) TimerEvent: {}
[8.143227] (-) TimerEvent: {}
[8.244758] (-) TimerEvent: {}
[8.345949] (-) TimerEvent: {}
[8.446702] (-) TimerEvent: {}
[8.548121] (-) TimerEvent: {}
[8.648902] (-) TimerEvent: {}
[8.750577] (-) TimerEvent: {}
[8.851769] (-) TimerEvent: {}
[8.952511] (-) TimerEvent: {}
[9.053296] (-) TimerEvent: {}
[9.154504] (-) TimerEvent: {}
[9.256289] (-) TimerEvent: {}
[9.358226] (-) TimerEvent: {}
[9.459741] (-) TimerEvent: {}
[9.562104] (-) TimerEvent: {}
[9.664408] (-) TimerEvent: {}
[9.766673] (-) TimerEvent: {}
[9.868199] (-) TimerEvent: {}
[9.969748] (-) TimerEvent: {}
[10.071112] (-) TimerEvent: {}
[10.172770] (-) TimerEvent: {}
[10.274306] (-) TimerEvent: {}
[10.351178] (rplidar_ros) StderrLine: {'line': b'\x1b[01m\x1b[K/root/humble_ws/src/rplidar_ros/sdk/src/arch/linux/net_serial.cpp:\x1b[m\x1b[K In member function \xe2\x80\x98\x1b[01m\x1b[Kbool rp::arch::net::raw_serial::open(const char*, uint32_t, uint32_t)\x1b[m\x1b[K\xe2\x80\x99:\n'}
[10.351903] (rplidar_ros) StderrLine: {'line': b'\x1b[01m\x1b[K/root/humble_ws/src/rplidar_ros/sdk/src/arch/linux/net_serial.cpp:97:74:\x1b[m\x1b[K \x1b[01;35m\x1b[Kwarning: \x1b[m\x1b[Kunused parameter \xe2\x80\x98\x1b[01m\x1b[Kflags\x1b[m\x1b[K\xe2\x80\x99 [\x1b[01;35m\x1b[K-Wunused-parameter\x1b[m\x1b[K]\n'}
[10.352418] (rplidar_ros) StderrLine: {'line': b'   97 | bool raw_serial::open(const char * portname, uint32_t baudrate, \x1b[01;35m\x1b[Kuint32_t flags\x1b[m\x1b[K)\n'}
[10.352993] (rplidar_ros) StderrLine: {'line': b'      |                                                                 \x1b[01;35m\x1b[K~~~~~~~~~^~~~~\x1b[m\x1b[K\n'}
[10.353682] (rplidar_ros) StderrLine: {'line': b'\x1b[01m\x1b[K/root/humble_ws/src/rplidar_ros/sdk/src/arch/linux/net_serial.cpp:\x1b[m\x1b[K In member function \xe2\x80\x98\x1b[01m\x1b[Kvirtual void rp::arch::net::raw_serial::flush(_u32)\x1b[m\x1b[K\xe2\x80\x99:\n'}
[10.354667] (rplidar_ros) StderrLine: {'line': b'\x1b[01m\x1b[K/root/humble_ws/src/rplidar_ros/sdk/src/arch/linux/net_serial.cpp:281:30:\x1b[m\x1b[K \x1b[01;35m\x1b[Kwarning: \x1b[m\x1b[Kunused parameter \xe2\x80\x98\x1b[01m\x1b[Kflags\x1b[m\x1b[K\xe2\x80\x99 [\x1b[01;35m\x1b[K-Wunused-parameter\x1b[m\x1b[K]\n'}
[10.355210] (rplidar_ros) StderrLine: {'line': b'  281 | void raw_serial::flush( \x1b[01;35m\x1b[K_u32 flags\x1b[m\x1b[K)\n'}
[10.355633] (rplidar_ros) StderrLine: {'line': b'      |                         \x1b[01;35m\x1b[K~~~~~^~~~~\x1b[m\x1b[K\n'}
[10.356070] (rplidar_ros) StderrLine: {'line': b'\x1b[01m\x1b[K/root/humble_ws/src/rplidar_ros/sdk/src/arch/linux/net_serial.cpp:\x1b[m\x1b[K In member function \xe2\x80\x98\x1b[01m\x1b[Kvirtual int rp::arch::net::raw_serial::waitforsent(_u32, size_t*)\x1b[m\x1b[K\xe2\x80\x99:\n'}
[10.356616] (rplidar_ros) StderrLine: {'line': b'\x1b[01m\x1b[K/root/humble_ws/src/rplidar_ros/sdk/src/arch/linux/net_serial.cpp:286:34:\x1b[m\x1b[K \x1b[01;35m\x1b[Kwarning: \x1b[m\x1b[Kunused parameter \xe2\x80\x98\x1b[01m\x1b[Ktimeout\x1b[m\x1b[K\xe2\x80\x99 [\x1b[01;35m\x1b[K-Wunused-parameter\x1b[m\x1b[K]\n'}
[10.357154] (rplidar_ros) StderrLine: {'line': b'  286 | int raw_serial::waitforsent(\x1b[01;35m\x1b[K_u32 timeout\x1b[m\x1b[K, size_t * returned_size)\n'}
[10.357580] (rplidar_ros) StderrLine: {'line': b'      |                             \x1b[01;35m\x1b[K~~~~~^~~~~~~\x1b[m\x1b[K\n'}
[10.358023] (rplidar_ros) StderrLine: {'line': b'\x1b[01m\x1b[K/root/humble_ws/src/rplidar_ros/sdk/src/arch/linux/net_serial.cpp:\x1b[m\x1b[K In member function \xe2\x80\x98\x1b[01m\x1b[Kvirtual int rp::arch::net::raw_serial::waitforrecv(_u32, size_t*)\x1b[m\x1b[K\xe2\x80\x99:\n'}
[10.358486] (rplidar_ros) StderrLine: {'line': b'\x1b[01m\x1b[K/root/humble_ws/src/rplidar_ros/sdk/src/arch/linux/net_serial.cpp:292:34:\x1b[m\x1b[K \x1b[01;35m\x1b[Kwarning: \x1b[m\x1b[Kunused parameter \xe2\x80\x98\x1b[01m\x1b[Ktimeout\x1b[m\x1b[K\xe2\x80\x99 [\x1b[01;35m\x1b[K-Wunused-parameter\x1b[m\x1b[K]\n'}
[10.358956] (rplidar_ros) StderrLine: {'line': b'  292 | int raw_serial::waitforrecv(\x1b[01;35m\x1b[K_u32 timeout\x1b[m\x1b[K, size_t * returned_size)\n'}
[10.359384] (rplidar_ros) StderrLine: {'line': b'      |                             \x1b[01;35m\x1b[K~~~~~^~~~~~~\x1b[m\x1b[K\n'}
[10.365433] (rplidar_ros) StderrLine: {'line': b'\x1b[01m\x1b[K/root/humble_ws/src/rplidar_ros/sdk/src/arch/linux/net_serial.cpp:\x1b[m\x1b[K In member function \xe2\x80\x98\x1b[01m\x1b[Kvirtual void rp::arch::net::raw_serial::cancelOperation()\x1b[m\x1b[K\xe2\x80\x99:\n'}
[10.366305] (rplidar_ros) StderrLine: {'line': b'\x1b[01m\x1b[K/root/humble_ws/src/rplidar_ros/sdk/src/arch/linux/net_serial.cpp:427:5:\x1b[m\x1b[K \x1b[01;35m\x1b[Kwarning: \x1b[m\x1b[Kvalue computed is not used [\x1b[01;35m\x1b[K-Wunused-value\x1b[m\x1b[K]\n'}
[10.366821] (rplidar_ros) StderrLine: {'line': b'  427 |     \x1b[01;35m\x1b[K(int)::write(_selfpipe[1], "x", 1)\x1b[m\x1b[K;\n'}
[10.367267] (rplidar_ros) StderrLine: {'line': b'      |     \x1b[01;35m\x1b[K^~~~~~~~~~~~~~~~~~~~~~~~~~~~~~~~~~\x1b[m\x1b[K\n'}
[10.374498] (-) TimerEvent: {}
[10.475225] (-) TimerEvent: {}
[10.576789] (-) TimerEvent: {}
[10.678964] (-) TimerEvent: {}
[10.780934] (-) TimerEvent: {}
[10.845688] (rplidar_ros) StdoutLine: {'line': b'[ 13%] \x1b[32mBuilding CXX object CMakeFiles/rplidar_composition.dir/sdk/src/arch/linux/net_socket.cpp.o\x1b[0m\n'}
[10.881114] (-) TimerEvent: {}
[10.981873] (-) TimerEvent: {}
[11.083795] (-) TimerEvent: {}
[11.184919] (-) TimerEvent: {}
[11.299642] (-) TimerEvent: {}
[11.401792] (-) TimerEvent: {}
[11.504748] (-) TimerEvent: {}
[11.605900] (-) TimerEvent: {}
[11.707691] (-) TimerEvent: {}
[11.809144] (-) TimerEvent: {}
[11.910101] (-) TimerEvent: {}
[12.011416] (-) TimerEvent: {}
[12.113621] (-) TimerEvent: {}
[12.216748] (-) TimerEvent: {}
[12.319067] (-) TimerEvent: {}
[12.432905] (-) TimerEvent: {}
[12.534262] (-) TimerEvent: {}
[12.635386] (-) TimerEvent: {}
[12.736821] (-) TimerEvent: {}
[12.806995] (rplidar_ros) StderrLine: {'line': b'In file included from \x1b[01m\x1b[K/root/humble_ws/src/rplidar_ros/sdk/include/rplidar_protocol.h:36\x1b[m\x1b[K,\n'}
[12.807831] (rplidar_ros) StderrLine: {'line': b'                 from \x1b[01m\x1b[K/root/humble_ws/src/rplidar_ros/sdk/include/rplidar.h:39\x1b[m\x1b[K,\n'}
[12.808290] (rplidar_ros) StderrLine: {'line': b'                 from \x1b[01m\x1b[K/root/humble_ws/src/rplidar_ros/sdk/src/sdkcommon.h:49\x1b[m\x1b[K,\n'}
[12.808769] (rplidar_ros) StderrLine: {'line': b'                 from \x1b[01m\x1b[K/root/humble_ws/src/rplidar_ros/sdk/src/arch/linux/net_socket.cpp:10\x1b[m\x1b[K:\n'}
[12.809598] (rplidar_ros) StderrLine: {'line': b'\x1b[01m\x1b[K/root/humble_ws/src/rplidar_ros/sdk/include/sl_lidar_protocol.h:66:16:\x1b[m\x1b[K \x1b[01;35m\x1b[Kwarning: \x1b[m\x1b[KISO C++ forbids zero-size array \xe2\x80\x98\x1b[01m\x1b[Kdata\x1b[m\x1b[K\xe2\x80\x99 [\x1b[01;35m\x1b[K-Wpedantic\x1b[m\x1b[K]\n'}
[12.810149] (rplidar_ros) StderrLine: {'line': b'   66 |     sl_u8 data[\x1b[01;35m\x1b[K0\x1b[m\x1b[K];\n'}
[12.810638] (rplidar_ros) StderrLine: {'line': b'      |                \x1b[01;35m\x1b[K^\x1b[m\x1b[K\n'}
[12.811137] (rplidar_ros) StderrLine: {'line': b'In file included from \x1b[01m\x1b[K/root/humble_ws/src/rplidar_ros/sdk/include/rplidar_cmd.h:36\x1b[m\x1b[K,\n'}
[12.811668] (rplidar_ros) StderrLine: {'line': b'                 from \x1b[01m\x1b[K/root/humble_ws/src/rplidar_ros/sdk/include/rplidar.h:40\x1b[m\x1b[K,\n'}
[12.812159] (rplidar_ros) StderrLine: {'line': b'                 from \x1b[01m\x1b[K/root/humble_ws/src/rplidar_ros/sdk/src/sdkcommon.h:49\x1b[m\x1b[K,\n'}
[12.812726] (rplidar_ros) StderrLine: {'line': b'                 from \x1b[01m\x1b[K/root/humble_ws/src/rplidar_ros/sdk/src/arch/linux/net_socket.cpp:10\x1b[m\x1b[K:\n'}
[12.813265] (rplidar_ros) StderrLine: {'line': b'\x1b[01m\x1b[K/root/humble_ws/src/rplidar_ros/sdk/include/sl_lidar_cmd.h:324:20:\x1b[m\x1b[K \x1b[01;35m\x1b[Kwarning: \x1b[m\x1b[KISO C++ forbids zero-size array \xe2\x80\x98\x1b[01m\x1b[Kpayload\x1b[m\x1b[K\xe2\x80\x99 [\x1b[01;35m\x1b[K-Wpedantic\x1b[m\x1b[K]\n'}
[12.813761] (rplidar_ros) StderrLine: {'line': b'  324 |     sl_u8  payload[\x1b[01;35m\x1b[K0\x1b[m\x1b[K];\n'}
[12.814216] (rplidar_ros) StderrLine: {'line': b'      |                    \x1b[01;35m\x1b[K^\x1b[m\x1b[K\n'}
[12.852727] (-) TimerEvent: {}
[12.953587] (-) TimerEvent: {}
[13.054436] (-) TimerEvent: {}
[13.133814] (rplidar_ros) StderrLine: {'line': b'In file included from \x1b[01m\x1b[K/root/humble_ws/src/rplidar_ros/sdk/src/arch/linux/arch_linux.h:42\x1b[m\x1b[K,\n'}
[13.134758] (rplidar_ros) StderrLine: {'line': b'                 from \x1b[01m\x1b[K/root/humble_ws/src/rplidar_ros/sdk/src/sdkcommon.h:41\x1b[m\x1b[K,\n'}
[13.135492] (rplidar_ros) StderrLine: {'line': b'                 from \x1b[01m\x1b[K/root/humble_ws/src/rplidar_ros/sdk/src/arch/linux/net_socket.cpp:10\x1b[m\x1b[K:\n'}
[13.136229] (rplidar_ros) StderrLine: {'line': b'\x1b[01m\x1b[K/root/humble_ws/src/rplidar_ros/sdk/src/arch/linux/net_socket.cpp:\x1b[m\x1b[K In member function \xe2\x80\x98\x1b[01m\x1b[Kvirtual u_result rp::arch::net::DGramSocketImpl::sendTo(const rp::net::SocketAddress*, const void*, size_t)\x1b[m\x1b[K\xe2\x80\x99:\n'}
[13.137028] (rplidar_ros) StderrLine: {'line': b'\x1b[01m\x1b[K/root/humble_ws/src/rplidar_ros/sdk/src/arch/linux/net_socket.cpp:733:24:\x1b[m\x1b[K \x1b[01;35m\x1b[Kwarning: \x1b[m\x1b[Kcomparison of integer expressions of different signedness: \xe2\x80\x98\x1b[01m\x1b[Kint\x1b[m\x1b[K\xe2\x80\x99 and \xe2\x80\x98\x1b[01m\x1b[Ksize_t\x1b[m\x1b[K\xe2\x80\x99 {aka \xe2\x80\x98\x1b[01m\x1b[Klong unsigned int\x1b[m\x1b[K\xe2\x80\x99} [\x1b[01;35m\x1b[K-Wsign-compare\x1b[m\x1b[K]\n'}
[13.137753] (rplidar_ros) StderrLine: {'line': b'  733 |             assert(\x1b[01;35m\x1b[Kans == len\x1b[m\x1b[K);\n'}
[13.138475] (rplidar_ros) StderrLine: {'line': b'      |                    \x1b[01;35m\x1b[K~~~~^~~~~~\x1b[m\x1b[K\n'}
[13.154664] (-) TimerEvent: {}
[13.256961] (-) TimerEvent: {}
[13.357768] (-) TimerEvent: {}
[13.459403] (-) TimerEvent: {}
[13.560930] (-) TimerEvent: {}
[13.662996] (-) TimerEvent: {}
[13.765271] (-) TimerEvent: {}
[13.866141] (-) TimerEvent: {}
[13.967028] (-) TimerEvent: {}
[14.067806] (-) TimerEvent: {}
[14.145164] (rplidar_ros) StdoutLine: {'line': b'[ 15%] \x1b[32mBuilding CXX object CMakeFiles/rplidar_composition.dir/sdk/src/arch/linux/timer.cpp.o\x1b[0m\n'}
[14.168005] (-) TimerEvent: {}
[14.270321] (-) TimerEvent: {}
[14.372588] (-) TimerEvent: {}
[14.474994] (-) TimerEvent: {}
[14.577873] (-) TimerEvent: {}
[14.678616] (-) TimerEvent: {}
[14.779562] (-) TimerEvent: {}
[14.880694] (-) TimerEvent: {}
[14.981925] (-) TimerEvent: {}
[15.083308] (-) TimerEvent: {}
[15.184608] (-) TimerEvent: {}
[15.285684] (-) TimerEvent: {}
[15.387304] (-) TimerEvent: {}
[15.488077] (-) TimerEvent: {}
[15.589359] (-) TimerEvent: {}
[15.690950] (-) TimerEvent: {}
[15.792329] (-) TimerEvent: {}
[15.894485] (-) TimerEvent: {}
[15.996648] (-) TimerEvent: {}
[16.097395] (-) TimerEvent: {}
[16.199393] (-) TimerEvent: {}
[16.300385] (-) TimerEvent: {}
[16.401908] (-) TimerEvent: {}
[16.438473] (rplidar_ros) StdoutLine: {'line': b'[ 18%] \x1b[32mBuilding CXX object CMakeFiles/rplidar_composition.dir/sdk/src/dataunpacker/dataunpacker.cpp.o\x1b[0m\n'}
[16.502107] (-) TimerEvent: {}
[16.604380] (-) TimerEvent: {}
[16.706718] (-) TimerEvent: {}
[16.808956] (-) TimerEvent: {}
[16.912728] (-) TimerEvent: {}
[17.017391] (-) TimerEvent: {}
[17.119163] (-) TimerEvent: {}
[17.221454] (-) TimerEvent: {}
[17.323640] (-) TimerEvent: {}
[17.440780] (-) TimerEvent: {}
[17.542209] (-) TimerEvent: {}
[17.645192] (-) TimerEvent: {}
[17.745961] (-) TimerEvent: {}
[17.855248] (-) TimerEvent: {}
[17.965059] (-) TimerEvent: {}
[18.065943] (-) TimerEvent: {}
[18.169111] (-) TimerEvent: {}
[18.269892] (-) TimerEvent: {}
[18.381745] (-) TimerEvent: {}
[18.482609] (-) TimerEvent: {}
[18.583330] (-) TimerEvent: {}
[18.685281] (-) TimerEvent: {}
[18.787360] (-) TimerEvent: {}
[18.876005] (rplidar_ros) StderrLine: {'line': b'In file included from \x1b[01m\x1b[K/root/humble_ws/src/rplidar_ros/sdk/include/rplidar_protocol.h:36\x1b[m\x1b[K,\n'}
[18.876817] (rplidar_ros) StderrLine: {'line': b'                 from \x1b[01m\x1b[K/root/humble_ws/src/rplidar_ros/sdk/include/rplidar.h:39\x1b[m\x1b[K,\n'}
[18.877278] (rplidar_ros) StderrLine: {'line': b'                 from \x1b[01m\x1b[K/root/humble_ws/src/rplidar_ros/sdk/src/sdkcommon.h:49\x1b[m\x1b[K,\n'}
[18.877682] (rplidar_ros) StderrLine: {'line': b'                 from \x1b[01m\x1b[K/root/humble_ws/src/rplidar_ros/sdk/src/dataunpacker/dataunnpacker_commondef.h:41\x1b[m\x1b[K,\n'}
[18.878218] (rplidar_ros) StderrLine: {'line': b'                 from \x1b[01m\x1b[K/root/humble_ws/src/rplidar_ros/sdk/src/dataunpacker/dataunpacker.cpp:39\x1b[m\x1b[K:\n'}
[18.878655] (rplidar_ros) StderrLine: {'line': b'\x1b[01m\x1b[K/root/humble_ws/src/rplidar_ros/sdk/include/sl_lidar_protocol.h:66:16:\x1b[m\x1b[K \x1b[01;35m\x1b[Kwarning: \x1b[m\x1b[KISO C++ forbids zero-size array \xe2\x80\x98\x1b[01m\x1b[Kdata\x1b[m\x1b[K\xe2\x80\x99 [\x1b[01;35m\x1b[K-Wpedantic\x1b[m\x1b[K]\n'}
[18.879106] (rplidar_ros) StderrLine: {'line': b'   66 |     sl_u8 data[\x1b[01;35m\x1b[K0\x1b[m\x1b[K];\n'}
[18.879526] (rplidar_ros) StderrLine: {'line': b'      |                \x1b[01;35m\x1b[K^\x1b[m\x1b[K\n'}
[18.880237] (rplidar_ros) StderrLine: {'line': b'In file included from \x1b[01m\x1b[K/root/humble_ws/src/rplidar_ros/sdk/include/rplidar_cmd.h:36\x1b[m\x1b[K,\n'}
[18.880851] (rplidar_ros) StderrLine: {'line': b'                 from \x1b[01m\x1b[K/root/humble_ws/src/rplidar_ros/sdk/include/rplidar.h:40\x1b[m\x1b[K,\n'}
[18.881288] (rplidar_ros) StderrLine: {'line': b'                 from \x1b[01m\x1b[K/root/humble_ws/src/rplidar_ros/sdk/src/sdkcommon.h:49\x1b[m\x1b[K,\n'}
[18.881696] (rplidar_ros) StderrLine: {'line': b'                 from \x1b[01m\x1b[K/root/humble_ws/src/rplidar_ros/sdk/src/dataunpacker/dataunnpacker_commondef.h:41\x1b[m\x1b[K,\n'}
[18.882113] (rplidar_ros) StderrLine: {'line': b'                 from \x1b[01m\x1b[K/root/humble_ws/src/rplidar_ros/sdk/src/dataunpacker/dataunpacker.cpp:39\x1b[m\x1b[K:\n'}
[18.882547] (rplidar_ros) StderrLine: {'line': b'\x1b[01m\x1b[K/root/humble_ws/src/rplidar_ros/sdk/include/sl_lidar_cmd.h:324:20:\x1b[m\x1b[K \x1b[01;35m\x1b[Kwarning: \x1b[m\x1b[KISO C++ forbids zero-size array \xe2\x80\x98\x1b[01m\x1b[Kpayload\x1b[m\x1b[K\xe2\x80\x99 [\x1b[01;35m\x1b[K-Wpedantic\x1b[m\x1b[K]\n'}
[18.882952] (rplidar_ros) StderrLine: {'line': b'  324 |     sl_u8  payload[\x1b[01;35m\x1b[K0\x1b[m\x1b[K];\n'}
[18.883342] (rplidar_ros) StderrLine: {'line': b'      |                    \x1b[01;35m\x1b[K^\x1b[m\x1b[K\n'}
[18.887550] (-) TimerEvent: {}
[18.989473] (-) TimerEvent: {}
[19.091656] (-) TimerEvent: {}
[19.193921] (-) TimerEvent: {}
[19.295965] (-) TimerEvent: {}
[19.398166] (-) TimerEvent: {}
[19.500335] (-) TimerEvent: {}
[19.612798] (-) TimerEvent: {}
[19.715091] (-) TimerEvent: {}
[19.817128] (-) TimerEvent: {}
[19.823621] (rplidar_ros) StderrLine: {'line': b'In file included from \x1b[01m\x1b[K/root/humble_ws/src/rplidar_ros/sdk/src/dataunpacker/dataunpacker.cpp:40\x1b[m\x1b[K:\n'}
[19.824253] (rplidar_ros) StderrLine: {'line': b'\x1b[01m\x1b[K/root/humble_ws/src/rplidar_ros/sdk/src/dataunpacker/dataunpacker.h:\x1b[m\x1b[K In member function \xe2\x80\x98\x1b[01m\x1b[Kvirtual void sl::internal::LIDARSampleDataListener::onCustomSampleDataDecoded(_u8, _u32, const void*, size_t)\x1b[m\x1b[K\xe2\x80\x99:\n'}
[19.824803] (rplidar_ros) StderrLine: {'line': b'\x1b[01m\x1b[K/root/humble_ws/src/rplidar_ros/sdk/src/dataunpacker/dataunpacker.h:54:52:\x1b[m\x1b[K \x1b[01;35m\x1b[Kwarning: \x1b[m\x1b[Kunused parameter \xe2\x80\x98\x1b[01m\x1b[KansType\x1b[m\x1b[K\xe2\x80\x99 [\x1b[01;35m\x1b[K-Wunused-parameter\x1b[m\x1b[K]\n'}
[19.825282] (rplidar_ros) StderrLine: {'line': b'   54 |         virtual void onCustomSampleDataDecoded(\x1b[01;35m\x1b[K_u8 ansType\x1b[m\x1b[K, _u32 customCode, const void* data, size_t size) {}\n'}
[19.825742] (rplidar_ros) StderrLine: {'line': b'      |                                                \x1b[01;35m\x1b[K~~~~^~~~~~~\x1b[m\x1b[K\n'}
[19.826174] (rplidar_ros) StderrLine: {'line': b'\x1b[01m\x1b[K/root/humble_ws/src/rplidar_ros/sdk/src/dataunpacker/dataunpacker.h:54:66:\x1b[m\x1b[K \x1b[01;35m\x1b[Kwarning: \x1b[m\x1b[Kunused parameter \xe2\x80\x98\x1b[01m\x1b[KcustomCode\x1b[m\x1b[K\xe2\x80\x99 [\x1b[01;35m\x1b[K-Wunused-parameter\x1b[m\x1b[K]\n'}
[19.826597] (rplidar_ros) StderrLine: {'line': b'   54 |         virtual void onCustomSampleDataDecoded(_u8 ansType, \x1b[01;35m\x1b[K_u32 customCode\x1b[m\x1b[K, const void* data, size_t size) {}\n'}
[19.827021] (rplidar_ros) StderrLine: {'line': b'      |                                                             \x1b[01;35m\x1b[K~~~~~^~~~~~~~~~\x1b[m\x1b[K\n'}
[19.827467] (rplidar_ros) StderrLine: {'line': b'\x1b[01m\x1b[K/root/humble_ws/src/rplidar_ros/sdk/src/dataunpacker/dataunpacker.h:54:90:\x1b[m\x1b[K \x1b[01;35m\x1b[Kwarning: \x1b[m\x1b[Kunused parameter \xe2\x80\x98\x1b[01m\x1b[Kdata\x1b[m\x1b[K\xe2\x80\x99 [\x1b[01;35m\x1b[K-Wunused-parameter\x1b[m\x1b[K]\n'}
[19.827889] (rplidar_ros) StderrLine: {'line': b'   54 |         virtual void onCustomSampleDataDecoded(_u8 ansType, _u32 customCode, \x1b[01;35m\x1b[Kconst void* data\x1b[m\x1b[K, size_t size) {}\n'}
[19.828292] (rplidar_ros) StderrLine: {'line': b'      |                                                                              \x1b[01;35m\x1b[K~~~~~~~~~~~~^~~~\x1b[m\x1b[K\n'}
[19.828791] (rplidar_ros) StderrLine: {'line': b'\x1b[01m\x1b[K/root/humble_ws/src/rplidar_ros/sdk/src/dataunpacker/dataunpacker.h:54:103:\x1b[m\x1b[K \x1b[01;35m\x1b[Kwarning: \x1b[m\x1b[Kunused parameter \xe2\x80\x98\x1b[01m\x1b[Ksize\x1b[m\x1b[K\xe2\x80\x99 [\x1b[01;35m\x1b[K-Wunused-parameter\x1b[m\x1b[K]\n'}
[19.829229] (rplidar_ros) StderrLine: {'line': b'   54 |         virtual void onCustomSampleDataDecoded(_u8 ansType, _u32 customCode, const void* data, \x1b[01;35m\x1b[Ksize_t size\x1b[m\x1b[K) {}\n'}
[19.830655] (rplidar_ros) StderrLine: {'line': b'      |                                                                                                \x1b[01;35m\x1b[K~~~~~~~^~~~\x1b[m\x1b[K\n'}
[19.831085] (rplidar_ros) StderrLine: {'line': b'\x1b[01m\x1b[K/root/humble_ws/src/rplidar_ros/sdk/src/dataunpacker/dataunpacker.h:\x1b[m\x1b[K In member function \xe2\x80\x98\x1b[01m\x1b[Kvirtual void sl::internal::LIDARSampleDataListener::onDecodingError(int, _u8, const void*, size_t)\x1b[m\x1b[K\xe2\x80\x99:\n'}
[19.831508] (rplidar_ros) StderrLine: {'line': b'\x1b[01m\x1b[K/root/humble_ws/src/rplidar_ros/sdk/src/dataunpacker/dataunpacker.h:56:42:\x1b[m\x1b[K \x1b[01;35m\x1b[Kwarning: \x1b[m\x1b[Kunused parameter \xe2\x80\x98\x1b[01m\x1b[KerrMsg\x1b[m\x1b[K\xe2\x80\x99 [\x1b[01;35m\x1b[K-Wunused-parameter\x1b[m\x1b[K]\n'}
[19.831941] (rplidar_ros) StderrLine: {'line': b'   56 |         virtual void onDecodingError(\x1b[01;35m\x1b[Kint errMsg\x1b[m\x1b[K, _u8 ansType, const void* payload, size_t size) {}\n'}
[19.832339] (rplidar_ros) StderrLine: {'line': b'      |                                      \x1b[01;35m\x1b[K~~~~^~~~~~\x1b[m\x1b[K\n'}
[19.832809] (rplidar_ros) StderrLine: {'line': b'\x1b[01m\x1b[K/root/humble_ws/src/rplidar_ros/sdk/src/dataunpacker/dataunpacker.h:56:54:\x1b[m\x1b[K \x1b[01;35m\x1b[Kwarning: \x1b[m\x1b[Kunused parameter \xe2\x80\x98\x1b[01m\x1b[KansType\x1b[m\x1b[K\xe2\x80\x99 [\x1b[01;35m\x1b[K-Wunused-parameter\x1b[m\x1b[K]\n'}
[19.833277] (rplidar_ros) StderrLine: {'line': b'   56 |         virtual void onDecodingError(int errMsg, \x1b[01;35m\x1b[K_u8 ansType\x1b[m\x1b[K, const void* payload, size_t size) {}\n'}
[19.833725] (rplidar_ros) StderrLine: {'line': b'      |                                                  \x1b[01;35m\x1b[K~~~~^~~~~~~\x1b[m\x1b[K\n'}
[19.834134] (rplidar_ros) StderrLine: {'line': b'\x1b[01m\x1b[K/root/humble_ws/src/rplidar_ros/sdk/src/dataunpacker/dataunpacker.h:56:75:\x1b[m\x1b[K \x1b[01;35m\x1b[Kwarning: \x1b[m\x1b[Kunused parameter \xe2\x80\x98\x1b[01m\x1b[Kpayload\x1b[m\x1b[K\xe2\x80\x99 [\x1b[01;35m\x1b[K-Wunused-parameter\x1b[m\x1b[K]\n'}
[19.834528] (rplidar_ros) StderrLine: {'line': b'   56 |         virtual void onDecodingError(int errMsg, _u8 ansType, \x1b[01;35m\x1b[Kconst void* payload\x1b[m\x1b[K, size_t size) {}\n'}
[19.834931] (rplidar_ros) StderrLine: {'line': b'      |                                                               \x1b[01;35m\x1b[K~~~~~~~~~~~~^~~~~~~\x1b[m\x1b[K\n'}
[19.835338] (rplidar_ros) StderrLine: {'line': b'\x1b[01m\x1b[K/root/humble_ws/src/rplidar_ros/sdk/src/dataunpacker/dataunpacker.h:56:91:\x1b[m\x1b[K \x1b[01;35m\x1b[Kwarning: \x1b[m\x1b[Kunused parameter \xe2\x80\x98\x1b[01m\x1b[Ksize\x1b[m\x1b[K\xe2\x80\x99 [\x1b[01;35m\x1b[K-Wunused-parameter\x1b[m\x1b[K]\n'}
[19.835767] (rplidar_ros) StderrLine: {'line': b'   56 |         virtual void onDecodingError(int errMsg, _u8 ansType, const void* payload, \x1b[01;35m\x1b[Ksize_t size\x1b[m\x1b[K) {}\n'}
[19.836185] (rplidar_ros) StderrLine: {'line': b'      |                                                                                    \x1b[01;35m\x1b[K~~~~~~~^~~~\x1b[m\x1b[K\n'}
[19.917308] (-) TimerEvent: {}
[20.018041] (-) TimerEvent: {}
[20.120302] (-) TimerEvent: {}
[20.222514] (-) TimerEvent: {}
[20.323903] (-) TimerEvent: {}
[20.425999] (-) TimerEvent: {}
[20.528327] (-) TimerEvent: {}
[20.629970] (-) TimerEvent: {}
[20.730704] (-) TimerEvent: {}
[20.832620] (-) TimerEvent: {}
[20.919996] (rplidar_ros) StdoutLine: {'line': b'[ 21%] \x1b[32mBuilding CXX object CMakeFiles/rplidar_composition.dir/sdk/src/dataunpacker/unpacker/handler_capsules.cpp.o\x1b[0m\n'}
[20.932799] (-) TimerEvent: {}
[20.967695] (rplidar_ros) StderrLine: {'line': b'In file included from \x1b[01m\x1b[K/root/humble_ws/src/rplidar_ros/sdk/include/sl_lidar_cmd.h:41\x1b[m\x1b[K,\n'}
[20.968904] (rplidar_ros) StderrLine: {'line': b'                 from \x1b[01m\x1b[K/root/humble_ws/src/rplidar_ros/sdk/include/sl_lidar_driver.h:54\x1b[m\x1b[K,\n'}
[20.969701] (rplidar_ros) StderrLine: {'line': b'                 from \x1b[01m\x1b[K/root/humble_ws/src/rplidar_ros/sdk/include/sl_lidar.h:36\x1b[m\x1b[K,\n'}
[20.970399] (rplidar_ros) StderrLine: {'line': b'                 from \x1b[01m\x1b[K/root/humble_ws/src/rplidar_ros/src/rplidar_node.cpp:38\x1b[m\x1b[K:\n'}
[20.971138] (rplidar_ros) StderrLine: {'line': b'\x1b[01m\x1b[K/root/humble_ws/src/rplidar_ros/sdk/include/sl_lidar_protocol.h:66:16:\x1b[m\x1b[K \x1b[01;35m\x1b[Kwarning: \x1b[m\x1b[KISO C++ forbids zero-size array \xe2\x80\x98\x1b[01m\x1b[Kdata\x1b[m\x1b[K\xe2\x80\x99 [\x1b[01;35m\x1b[K-Wpedantic\x1b[m\x1b[K]\n'}
[20.971828] (rplidar_ros) StderrLine: {'line': b'   66 |     sl_u8 data[\x1b[01;35m\x1b[K0\x1b[m\x1b[K];\n'}
[20.972507] (rplidar_ros) StderrLine: {'line': b'      |                \x1b[01;35m\x1b[K^\x1b[m\x1b[K\n'}
[20.975324] (rplidar_ros) StderrLine: {'line': b'In file included from \x1b[01m\x1b[K/root/humble_ws/src/rplidar_ros/sdk/include/sl_lidar_driver.h:54\x1b[m\x1b[K,\n'}
[20.976136] (rplidar_ros) StderrLine: {'line': b'                 from \x1b[01m\x1b[K/root/humble_ws/src/rplidar_ros/sdk/include/sl_lidar.h:36\x1b[m\x1b[K,\n'}
[20.976919] (rplidar_ros) StderrLine: {'line': b'                 from \x1b[01m\x1b[K/root/humble_ws/src/rplidar_ros/src/rplidar_node.cpp:38\x1b[m\x1b[K:\n'}
[20.977647] (rplidar_ros) StderrLine: {'line': b'\x1b[01m\x1b[K/root/humble_ws/src/rplidar_ros/sdk/include/sl_lidar_cmd.h:324:20:\x1b[m\x1b[K \x1b[01;35m\x1b[Kwarning: \x1b[m\x1b[KISO C++ forbids zero-size array \xe2\x80\x98\x1b[01m\x1b[Kpayload\x1b[m\x1b[K\xe2\x80\x99 [\x1b[01;35m\x1b[K-Wpedantic\x1b[m\x1b[K]\n'}
[20.978304] (rplidar_ros) StderrLine: {'line': b'  324 |     sl_u8  payload[\x1b[01;35m\x1b[K0\x1b[m\x1b[K];\n'}
[20.978960] (rplidar_ros) StderrLine: {'line': b'      |                    \x1b[01;35m\x1b[K^\x1b[m\x1b[K\n'}
[21.032967] (-) TimerEvent: {}
[21.133695] (-) TimerEvent: {}
[21.231701] (rplidar_ros) StderrLine: {'line': b'In file included from \x1b[01m\x1b[K/root/humble_ws/src/rplidar_ros/sdk/include/sl_lidar_cmd.h:41\x1b[m\x1b[K,\n'}
[21.232298] (rplidar_ros) StderrLine: {'line': b'                 from \x1b[01m\x1b[K/root/humble_ws/src/rplidar_ros/sdk/include/sl_lidar_driver.h:54\x1b[m\x1b[K,\n'}
[21.232760] (rplidar_ros) StderrLine: {'line': b'                 from \x1b[01m\x1b[K/root/humble_ws/src/rplidar_ros/sdk/include/sl_lidar.h:36\x1b[m\x1b[K,\n'}
[21.233145] (rplidar_ros) StderrLine: {'line': b'                 from \x1b[01m\x1b[K/root/humble_ws/src/rplidar_ros/src/rplidar_node.cpp:38\x1b[m\x1b[K:\n'}
[21.233649] (rplidar_ros) StderrLine: {'line': b'\x1b[01m\x1b[K/root/humble_ws/src/rplidar_ros/sdk/include/sl_lidar_protocol.h:66:16:\x1b[m\x1b[K \x1b[01;35m\x1b[Kwarning: \x1b[m\x1b[KISO C++ forbids zero-size array \xe2\x80\x98\x1b[01m\x1b[Kdata\x1b[m\x1b[K\xe2\x80\x99 [\x1b[01;35m\x1b[K-Wpedantic\x1b[m\x1b[K]\n'}
[21.234049] (-) TimerEvent: {}
[21.235298] (rplidar_ros) StderrLine: {'line': b'   66 |     sl_u8 data[\x1b[01;35m\x1b[K0\x1b[m\x1b[K];\n'}
[21.235844] (rplidar_ros) StderrLine: {'line': b'      |                \x1b[01;35m\x1b[K^\x1b[m\x1b[K\n'}
[21.236276] (rplidar_ros) StderrLine: {'line': b'In file included from \x1b[01m\x1b[K/root/humble_ws/src/rplidar_ros/sdk/include/sl_lidar_driver.h:54\x1b[m\x1b[K,\n'}
[21.236735] (rplidar_ros) StderrLine: {'line': b'                 from \x1b[01m\x1b[K/root/humble_ws/src/rplidar_ros/sdk/include/sl_lidar.h:36\x1b[m\x1b[K,\n'}
[21.237132] (rplidar_ros) StderrLine: {'line': b'                 from \x1b[01m\x1b[K/root/humble_ws/src/rplidar_ros/src/rplidar_node.cpp:38\x1b[m\x1b[K:\n'}
[21.237518] (rplidar_ros) StderrLine: {'line': b'\x1b[01m\x1b[K/root/humble_ws/src/rplidar_ros/sdk/include/sl_lidar_cmd.h:324:20:\x1b[m\x1b[K \x1b[01;35m\x1b[Kwarning: \x1b[m\x1b[KISO C++ forbids zero-size array \xe2\x80\x98\x1b[01m\x1b[Kpayload\x1b[m\x1b[K\xe2\x80\x99 [\x1b[01;35m\x1b[K-Wpedantic\x1b[m\x1b[K]\n'}
[21.237921] (rplidar_ros) StderrLine: {'line': b'  324 |     sl_u8  payload[\x1b[01;35m\x1b[K0\x1b[m\x1b[K];\n'}
[21.238313] (rplidar_ros) StderrLine: {'line': b'      |                    \x1b[01;35m\x1b[K^\x1b[m\x1b[K\n'}
[21.334266] (-) TimerEvent: {}
[21.441550] (-) TimerEvent: {}
[21.542447] (-) TimerEvent: {}
[21.643505] (-) TimerEvent: {}
[21.744229] (-) TimerEvent: {}
[21.845706] (-) TimerEvent: {}
[21.947353] (-) TimerEvent: {}
[22.049068] (-) TimerEvent: {}
[22.150849] (-) TimerEvent: {}
[22.252488] (-) TimerEvent: {}
[22.354078] (-) TimerEvent: {}
[22.455641] (-) TimerEvent: {}
[22.557736] (-) TimerEvent: {}
[22.659611] (-) TimerEvent: {}
[22.761610] (-) TimerEvent: {}
[22.831535] (rplidar_ros) StderrLine: {'line': b'In file included from \x1b[01m\x1b[K/root/humble_ws/src/rplidar_ros/sdk/include/rplidar_protocol.h:36\x1b[m\x1b[K,\n'}
[22.832460] (rplidar_ros) StderrLine: {'line': b'                 from \x1b[01m\x1b[K/root/humble_ws/src/rplidar_ros/sdk/include/rplidar.h:39\x1b[m\x1b[K,\n'}
[22.833297] (rplidar_ros) StderrLine: {'line': b'                 from \x1b[01m\x1b[K/root/humble_ws/src/rplidar_ros/sdk/src/sdkcommon.h:49\x1b[m\x1b[K,\n'}
[22.834037] (rplidar_ros) StderrLine: {'line': b'                 from \x1b[01m\x1b[K/root/humble_ws/src/rplidar_ros/sdk/src/dataunpacker/unpacker/../dataunnpacker_commondef.h:41\x1b[m\x1b[K,\n'}
[22.834805] (rplidar_ros) StderrLine: {'line': b'                 from \x1b[01m\x1b[K/root/humble_ws/src/rplidar_ros/sdk/src/dataunpacker/unpacker/handler_capsules.cpp:39\x1b[m\x1b[K:\n'}
[22.835582] (rplidar_ros) StderrLine: {'line': b'\x1b[01m\x1b[K/root/humble_ws/src/rplidar_ros/sdk/include/sl_lidar_protocol.h:66:16:\x1b[m\x1b[K \x1b[01;35m\x1b[Kwarning: \x1b[m\x1b[KISO C++ forbids zero-size array \xe2\x80\x98\x1b[01m\x1b[Kdata\x1b[m\x1b[K\xe2\x80\x99 [\x1b[01;35m\x1b[K-Wpedantic\x1b[m\x1b[K]\n'}
[22.836308] (rplidar_ros) StderrLine: {'line': b'   66 |     sl_u8 data[\x1b[01;35m\x1b[K0\x1b[m\x1b[K];\n'}
[22.837088] (rplidar_ros) StderrLine: {'line': b'      |                \x1b[01;35m\x1b[K^\x1b[m\x1b[K\n'}
[22.839931] (rplidar_ros) StderrLine: {'line': b'In file included from \x1b[01m\x1b[K/root/humble_ws/src/rplidar_ros/sdk/include/rplidar_cmd.h:36\x1b[m\x1b[K,\n'}
[22.840820] (rplidar_ros) StderrLine: {'line': b'                 from \x1b[01m\x1b[K/root/humble_ws/src/rplidar_ros/sdk/include/rplidar.h:40\x1b[m\x1b[K,\n'}
[22.841583] (rplidar_ros) StderrLine: {'line': b'                 from \x1b[01m\x1b[K/root/humble_ws/src/rplidar_ros/sdk/src/sdkcommon.h:49\x1b[m\x1b[K,\n'}
[22.842305] (rplidar_ros) StderrLine: {'line': b'                 from \x1b[01m\x1b[K/root/humble_ws/src/rplidar_ros/sdk/src/dataunpacker/unpacker/../dataunnpacker_commondef.h:41\x1b[m\x1b[K,\n'}
[22.843036] (rplidar_ros) StderrLine: {'line': b'                 from \x1b[01m\x1b[K/root/humble_ws/src/rplidar_ros/sdk/src/dataunpacker/unpacker/handler_capsules.cpp:39\x1b[m\x1b[K:\n'}
[22.843758] (rplidar_ros) StderrLine: {'line': b'\x1b[01m\x1b[K/root/humble_ws/src/rplidar_ros/sdk/include/sl_lidar_cmd.h:324:20:\x1b[m\x1b[K \x1b[01;35m\x1b[Kwarning: \x1b[m\x1b[KISO C++ forbids zero-size array \xe2\x80\x98\x1b[01m\x1b[Kpayload\x1b[m\x1b[K\xe2\x80\x99 [\x1b[01;35m\x1b[K-Wpedantic\x1b[m\x1b[K]\n'}
[22.844490] (rplidar_ros) StderrLine: {'line': b'  324 |     sl_u8  payload[\x1b[01;35m\x1b[K0\x1b[m\x1b[K];\n'}
[22.845268] (rplidar_ros) StderrLine: {'line': b'      |                    \x1b[01;35m\x1b[K^\x1b[m\x1b[K\n'}
[22.861797] (-) TimerEvent: {}
[22.962553] (-) TimerEvent: {}
[23.063327] (-) TimerEvent: {}
[23.164981] (-) TimerEvent: {}
[23.266198] (-) TimerEvent: {}
[23.366917] (-) TimerEvent: {}
[23.468617] (-) TimerEvent: {}
[23.570755] (-) TimerEvent: {}
[23.671500] (-) TimerEvent: {}
[23.731335] (rplidar_ros) StderrLine: {'line': b'In file included from \x1b[01m\x1b[K/root/humble_ws/src/rplidar_ros/sdk/src/dataunpacker/unpacker/handler_capsules.cpp:40\x1b[m\x1b[K:\n'}
[23.732217] (rplidar_ros) StderrLine: {'line': b'\x1b[01m\x1b[K/root/humble_ws/src/rplidar_ros/sdk/src/dataunpacker/unpacker/../dataunpacker.h:\x1b[m\x1b[K In member function \xe2\x80\x98\x1b[01m\x1b[Kvirtual void sl::internal::LIDARSampleDataListener::onCustomSampleDataDecoded(_u8, _u32, const void*, size_t)\x1b[m\x1b[K\xe2\x80\x99:\n'}
[23.733106] (rplidar_ros) StderrLine: {'line': b'\x1b[01m\x1b[K/root/humble_ws/src/rplidar_ros/sdk/src/dataunpacker/unpacker/../dataunpacker.h:54:52:\x1b[m\x1b[K \x1b[01;35m\x1b[Kwarning: \x1b[m\x1b[Kunused parameter \xe2\x80\x98\x1b[01m\x1b[KansType\x1b[m\x1b[K\xe2\x80\x99 [\x1b[01;35m\x1b[K-Wunused-parameter\x1b[m\x1b[K]\n'}
[23.733944] (rplidar_ros) StderrLine: {'line': b'   54 |         virtual void onCustomSampleDataDecoded(\x1b[01;35m\x1b[K_u8 ansType\x1b[m\x1b[K, _u32 customCode, const void* data, size_t size) {}\n'}
[23.734706] (rplidar_ros) StderrLine: {'line': b'      |                                                \x1b[01;35m\x1b[K~~~~^~~~~~~\x1b[m\x1b[K\n'}
[23.735518] (rplidar_ros) StderrLine: {'line': b'\x1b[01m\x1b[K/root/humble_ws/src/rplidar_ros/sdk/src/dataunpacker/unpacker/../dataunpacker.h:54:66:\x1b[m\x1b[K \x1b[01;35m\x1b[Kwarning: \x1b[m\x1b[Kunused parameter \xe2\x80\x98\x1b[01m\x1b[KcustomCode\x1b[m\x1b[K\xe2\x80\x99 [\x1b[01;35m\x1b[K-Wunused-parameter\x1b[m\x1b[K]\n'}
[23.736269] (rplidar_ros) StderrLine: {'line': b'   54 |         virtual void onCustomSampleDataDecoded(_u8 ansType, \x1b[01;35m\x1b[K_u32 customCode\x1b[m\x1b[K, const void* data, size_t size) {}\n'}
[23.737119] (rplidar_ros) StderrLine: {'line': b'      |                                                             \x1b[01;35m\x1b[K~~~~~^~~~~~~~~~\x1b[m\x1b[K\n'}
[23.737930] (rplidar_ros) StderrLine: {'line': b'\x1b[01m\x1b[K/root/humble_ws/src/rplidar_ros/sdk/src/dataunpacker/unpacker/../dataunpacker.h:54:90:\x1b[m\x1b[K \x1b[01;35m\x1b[Kwarning: \x1b[m\x1b[Kunused parameter \xe2\x80\x98\x1b[01m\x1b[Kdata\x1b[m\x1b[K\xe2\x80\x99 [\x1b[01;35m\x1b[K-Wunused-parameter\x1b[m\x1b[K]\n'}
[23.738694] (rplidar_ros) StderrLine: {'line': b'   54 |         virtual void onCustomSampleDataDecoded(_u8 ansType, _u32 customCode, \x1b[01;35m\x1b[Kconst void* data\x1b[m\x1b[K, size_t size) {}\n'}
[23.739428] (rplidar_ros) StderrLine: {'line': b'      |                                                                              \x1b[01;35m\x1b[K~~~~~~~~~~~~^~~~\x1b[m\x1b[K\n'}
[23.740282] (rplidar_ros) StderrLine: {'line': b'\x1b[01m\x1b[K/root/humble_ws/src/rplidar_ros/sdk/src/dataunpacker/unpacker/../dataunpacker.h:54:103:\x1b[m\x1b[K \x1b[01;35m\x1b[Kwarning: \x1b[m\x1b[Kunused parameter \xe2\x80\x98\x1b[01m\x1b[Ksize\x1b[m\x1b[K\xe2\x80\x99 [\x1b[01;35m\x1b[K-Wunused-parameter\x1b[m\x1b[K]\n'}
[23.741126] (rplidar_ros) StderrLine: {'line': b'   54 |         virtual void onCustomSampleDataDecoded(_u8 ansType, _u32 customCode, const void* data, \x1b[01;35m\x1b[Ksize_t size\x1b[m\x1b[K) {}\n'}
[23.741875] (rplidar_ros) StderrLine: {'line': b'      |                                                                                                \x1b[01;35m\x1b[K~~~~~~~^~~~\x1b[m\x1b[K\n'}
[23.742792] (rplidar_ros) StderrLine: {'line': b'\x1b[01m\x1b[K/root/humble_ws/src/rplidar_ros/sdk/src/dataunpacker/unpacker/../dataunpacker.h:\x1b[m\x1b[K In member function \xe2\x80\x98\x1b[01m\x1b[Kvirtual void sl::internal::LIDARSampleDataListener::onDecodingError(int, _u8, const void*, size_t)\x1b[m\x1b[K\xe2\x80\x99:\n'}
[23.743606] (rplidar_ros) StderrLine: {'line': b'\x1b[01m\x1b[K/root/humble_ws/src/rplidar_ros/sdk/src/dataunpacker/unpacker/../dataunpacker.h:56:42:\x1b[m\x1b[K \x1b[01;35m\x1b[Kwarning: \x1b[m\x1b[Kunused parameter \xe2\x80\x98\x1b[01m\x1b[KerrMsg\x1b[m\x1b[K\xe2\x80\x99 [\x1b[01;35m\x1b[K-Wunused-parameter\x1b[m\x1b[K]\n'}
[23.744368] (rplidar_ros) StderrLine: {'line': b'   56 |         virtual void onDecodingError(\x1b[01;35m\x1b[Kint errMsg\x1b[m\x1b[K, _u8 ansType, const void* payload, size_t size) {}\n'}
[23.745483] (rplidar_ros) StderrLine: {'line': b'      |                                      \x1b[01;35m\x1b[K~~~~^~~~~~\x1b[m\x1b[K\n'}
[23.746038] (rplidar_ros) StderrLine: {'line': b'\x1b[01m\x1b[K/root/humble_ws/src/rplidar_ros/sdk/src/dataunpacker/unpacker/../dataunpacker.h:56:54:\x1b[m\x1b[K \x1b[01;35m\x1b[Kwarning: \x1b[m\x1b[Kunused parameter \xe2\x80\x98\x1b[01m\x1b[KansType\x1b[m\x1b[K\xe2\x80\x99 [\x1b[01;35m\x1b[K-Wunused-parameter\x1b[m\x1b[K]\n'}
[23.752726] (rplidar_ros) StderrLine: {'line': b'   56 |         virtual void onDecodingError(int errMsg, \x1b[01;35m\x1b[K_u8 ansType\x1b[m\x1b[K, const void* payload, size_t size) {}\n'}
[23.753361] (rplidar_ros) StderrLine: {'line': b'      |                                                  \x1b[01;35m\x1b[K~~~~^~~~~~~\x1b[m\x1b[K\n'}
[23.753844] (rplidar_ros) StderrLine: {'line': b'\x1b[01m\x1b[K/root/humble_ws/src/rplidar_ros/sdk/src/dataunpacker/unpacker/../dataunpacker.h:56:75:\x1b[m\x1b[K \x1b[01;35m\x1b[Kwarning: \x1b[m\x1b[Kunused parameter \xe2\x80\x98\x1b[01m\x1b[Kpayload\x1b[m\x1b[K\xe2\x80\x99 [\x1b[01;35m\x1b[K-Wunused-parameter\x1b[m\x1b[K]\n'}
[23.754291] (rplidar_ros) StderrLine: {'line': b'   56 |         virtual void onDecodingError(int errMsg, _u8 ansType, \x1b[01;35m\x1b[Kconst void* payload\x1b[m\x1b[K, size_t size) {}\n'}
[23.754737] (rplidar_ros) StderrLine: {'line': b'      |                                                               \x1b[01;35m\x1b[K~~~~~~~~~~~~^~~~~~~\x1b[m\x1b[K\n'}
[23.755169] (rplidar_ros) StderrLine: {'line': b'\x1b[01m\x1b[K/root/humble_ws/src/rplidar_ros/sdk/src/dataunpacker/unpacker/../dataunpacker.h:56:91:\x1b[m\x1b[K \x1b[01;35m\x1b[Kwarning: \x1b[m\x1b[Kunused parameter \xe2\x80\x98\x1b[01m\x1b[Ksize\x1b[m\x1b[K\xe2\x80\x99 [\x1b[01;35m\x1b[K-Wunused-parameter\x1b[m\x1b[K]\n'}
[23.755638] (rplidar_ros) StderrLine: {'line': b'   56 |         virtual void onDecodingError(int errMsg, _u8 ansType, const void* payload, \x1b[01;35m\x1b[Ksize_t size\x1b[m\x1b[K) {}\n'}
[23.756072] (rplidar_ros) StderrLine: {'line': b'      |                                                                                    \x1b[01;35m\x1b[K~~~~~~~^~~~\x1b[m\x1b[K\n'}
[23.771713] (-) TimerEvent: {}
[23.799221] (rplidar_ros) StderrLine: {'line': b'\x1b[01m\x1b[K/root/humble_ws/src/rplidar_ros/sdk/src/dataunpacker/unpacker/handler_capsules.cpp:\x1b[m\x1b[K In member function \xe2\x80\x98\x1b[01m\x1b[Kvoid sl::internal::unpacker::UnpackerHandler_DenseCapsuleNode::_onScanNodeDenseCapsuleData(rplidar_response_dense_capsule_measurement_nodes_t&, sl::internal::LIDARSampleDataUnpackerInner*)\x1b[m\x1b[K\xe2\x80\x99:\n'}
[23.800721] (rplidar_ros) StderrLine: {'line': b'\x1b[01m\x1b[K/root/humble_ws/src/rplidar_ros/sdk/src/dataunpacker/unpacker/handler_capsules.cpp:763:30:\x1b[m\x1b[K \x1b[01;35m\x1b[Kwarning: \x1b[m\x1b[Ktype qualifiers ignored on cast result type [\x1b[01;35m\x1b[K-Wignored-qualifiers\x1b[m\x1b[K]\n'}
[23.803699] (rplidar_ros) StderrLine: {'line': b'  763 |             const int dist = \x1b[01;35m\x1b[Kstatic_cast<const int>(_cached_previous_dense_capsuledata.cabins[pos].distance)\x1b[m\x1b[K;\n'}
[23.804338] (rplidar_ros) StderrLine: {'line': b'      |                              \x1b[01;35m\x1b[K^~~~~~~~~~~~~~~~~~~~~~~~~~~~~~~~~~~~~~~~~~~~~~~~~~~~~~~~~~~~~~~~~~~~~~~~~~~~~~~\x1b[m\x1b[K\n'}
[23.871937] (-) TimerEvent: {}
[23.972708] (-) TimerEvent: {}
[24.073664] (-) TimerEvent: {}
[24.175528] (-) TimerEvent: {}
[24.277561] (-) TimerEvent: {}
[24.379444] (-) TimerEvent: {}
[24.481770] (-) TimerEvent: {}
[24.583846] (-) TimerEvent: {}
[24.686201] (-) TimerEvent: {}
[24.708849] (rplidar_ros) StdoutLine: {'line': b'[ 23%] \x1b[32mBuilding CXX object CMakeFiles/rplidar_composition.dir/sdk/src/dataunpacker/unpacker/handler_hqnode.cpp.o\x1b[0m\n'}
[24.786391] (-) TimerEvent: {}
[24.888637] (-) TimerEvent: {}
[24.990856] (-) TimerEvent: {}
[25.093108] (-) TimerEvent: {}
[25.195326] (-) TimerEvent: {}
[25.297613] (-) TimerEvent: {}
[25.399770] (-) TimerEvent: {}
[25.501492] (-) TimerEvent: {}
[25.603283] (-) TimerEvent: {}
[25.705012] (-) TimerEvent: {}
[25.806932] (-) TimerEvent: {}
[25.909141] (-) TimerEvent: {}
[26.011116] (-) TimerEvent: {}
[26.113158] (-) TimerEvent: {}
[26.215128] (-) TimerEvent: {}
[26.317533] (-) TimerEvent: {}
[26.419522] (-) TimerEvent: {}
[26.526439] (-) TimerEvent: {}
[26.628781] (-) TimerEvent: {}
[26.733704] (-) TimerEvent: {}
[26.797840] (rplidar_ros) StderrLine: {'line': b'In file included from \x1b[01m\x1b[K/root/humble_ws/src/rplidar_ros/sdk/include/rplidar_protocol.h:36\x1b[m\x1b[K,\n'}
[26.798605] (rplidar_ros) StderrLine: {'line': b'                 from \x1b[01m\x1b[K/root/humble_ws/src/rplidar_ros/sdk/include/rplidar.h:39\x1b[m\x1b[K,\n'}
[26.799292] (rplidar_ros) StderrLine: {'line': b'                 from \x1b[01m\x1b[K/root/humble_ws/src/rplidar_ros/sdk/src/sdkcommon.h:49\x1b[m\x1b[K,\n'}
[26.800042] (rplidar_ros) StderrLine: {'line': b'                 from \x1b[01m\x1b[K/root/humble_ws/src/rplidar_ros/sdk/src/dataunpacker/unpacker/../dataunnpacker_commondef.h:41\x1b[m\x1b[K,\n'}
[26.800584] (rplidar_ros) StderrLine: {'line': b'                 from \x1b[01m\x1b[K/root/humble_ws/src/rplidar_ros/sdk/src/dataunpacker/unpacker/handler_hqnode.cpp:39\x1b[m\x1b[K:\n'}
[26.801092] (rplidar_ros) StderrLine: {'line': b'\x1b[01m\x1b[K/root/humble_ws/src/rplidar_ros/sdk/include/sl_lidar_protocol.h:66:16:\x1b[m\x1b[K \x1b[01;35m\x1b[Kwarning: \x1b[m\x1b[KISO C++ forbids zero-size array \xe2\x80\x98\x1b[01m\x1b[Kdata\x1b[m\x1b[K\xe2\x80\x99 [\x1b[01;35m\x1b[K-Wpedantic\x1b[m\x1b[K]\n'}
[26.801592] (rplidar_ros) StderrLine: {'line': b'   66 |     sl_u8 data[\x1b[01;35m\x1b[K0\x1b[m\x1b[K];\n'}
[26.802068] (rplidar_ros) StderrLine: {'line': b'      |                \x1b[01;35m\x1b[K^\x1b[m\x1b[K\n'}
[26.802993] (rplidar_ros) StderrLine: {'line': b'In file included from \x1b[01m\x1b[K/root/humble_ws/src/rplidar_ros/sdk/include/rplidar_cmd.h:36\x1b[m\x1b[K,\n'}
[26.803626] (rplidar_ros) StderrLine: {'line': b'                 from \x1b[01m\x1b[K/root/humble_ws/src/rplidar_ros/sdk/include/rplidar.h:40\x1b[m\x1b[K,\n'}
[26.804119] (rplidar_ros) StderrLine: {'line': b'                 from \x1b[01m\x1b[K/root/humble_ws/src/rplidar_ros/sdk/src/sdkcommon.h:49\x1b[m\x1b[K,\n'}
[26.804727] (rplidar_ros) StderrLine: {'line': b'                 from \x1b[01m\x1b[K/root/humble_ws/src/rplidar_ros/sdk/src/dataunpacker/unpacker/../dataunnpacker_commondef.h:41\x1b[m\x1b[K,\n'}
[26.805327] (rplidar_ros) StderrLine: {'line': b'                 from \x1b[01m\x1b[K/root/humble_ws/src/rplidar_ros/sdk/src/dataunpacker/unpacker/handler_hqnode.cpp:39\x1b[m\x1b[K:\n'}
[26.805888] (rplidar_ros) StderrLine: {'line': b'\x1b[01m\x1b[K/root/humble_ws/src/rplidar_ros/sdk/include/sl_lidar_cmd.h:324:20:\x1b[m\x1b[K \x1b[01;35m\x1b[Kwarning: \x1b[m\x1b[KISO C++ forbids zero-size array \xe2\x80\x98\x1b[01m\x1b[Kpayload\x1b[m\x1b[K\xe2\x80\x99 [\x1b[01;35m\x1b[K-Wpedantic\x1b[m\x1b[K]\n'}
[26.806365] (rplidar_ros) StderrLine: {'line': b'  324 |     sl_u8  payload[\x1b[01;35m\x1b[K0\x1b[m\x1b[K];\n'}
[26.806809] (rplidar_ros) StderrLine: {'line': b'      |                    \x1b[01;35m\x1b[K^\x1b[m\x1b[K\n'}
[26.833889] (-) TimerEvent: {}
[26.934680] (-) TimerEvent: {}
[27.048700] (-) TimerEvent: {}
[27.150168] (-) TimerEvent: {}
[27.250914] (-) TimerEvent: {}
[27.357342] (-) TimerEvent: {}
[27.458223] (-) TimerEvent: {}
[27.560501] (-) TimerEvent: {}
[27.662327] (-) TimerEvent: {}
[27.793015] (rplidar_ros) StderrLine: {'line': b'In file included from \x1b[01m\x1b[K/root/humble_ws/src/rplidar_ros/sdk/src/dataunpacker/unpacker/handler_hqnode.cpp:40\x1b[m\x1b[K:\n'}
[27.793624] (-) TimerEvent: {}
[27.795914] (rplidar_ros) StderrLine: {'line': b'\x1b[01m\x1b[K/root/humble_ws/src/rplidar_ros/sdk/src/dataunpacker/unpacker/../dataunpacker.h:\x1b[m\x1b[K In member function \xe2\x80\x98\x1b[01m\x1b[Kvirtual void sl::internal::LIDARSampleDataListener::onCustomSampleDataDecoded(_u8, _u32, const void*, size_t)\x1b[m\x1b[K\xe2\x80\x99:\n'}
[27.796890] (rplidar_ros) StderrLine: {'line': b'\x1b[01m\x1b[K/root/humble_ws/src/rplidar_ros/sdk/src/dataunpacker/unpacker/../dataunpacker.h:54:52:\x1b[m\x1b[K \x1b[01;35m\x1b[Kwarning: \x1b[m\x1b[Kunused parameter \xe2\x80\x98\x1b[01m\x1b[KansType\x1b[m\x1b[K\xe2\x80\x99 [\x1b[01;35m\x1b[K-Wunused-parameter\x1b[m\x1b[K]\n'}
[27.797630] (rplidar_ros) StderrLine: {'line': b'   54 |         virtual void onCustomSampleDataDecoded(\x1b[01;35m\x1b[K_u8 ansType\x1b[m\x1b[K, _u32 customCode, const void* data, size_t size) {}\n'}
[27.798241] (rplidar_ros) StderrLine: {'line': b'      |                                                \x1b[01;35m\x1b[K~~~~^~~~~~~\x1b[m\x1b[K\n'}
[27.798684] (rplidar_ros) StderrLine: {'line': b'\x1b[01m\x1b[K/root/humble_ws/src/rplidar_ros/sdk/src/dataunpacker/unpacker/../dataunpacker.h:54:66:\x1b[m\x1b[K \x1b[01;35m\x1b[Kwarning: \x1b[m\x1b[Kunused parameter \xe2\x80\x98\x1b[01m\x1b[KcustomCode\x1b[m\x1b[K\xe2\x80\x99 [\x1b[01;35m\x1b[K-Wunused-parameter\x1b[m\x1b[K]\n'}
[27.799259] (rplidar_ros) StderrLine: {'line': b'   54 |         virtual void onCustomSampleDataDecoded(_u8 ansType, \x1b[01;35m\x1b[K_u32 customCode\x1b[m\x1b[K, const void* data, size_t size) {}\n'}
[27.799695] (rplidar_ros) StderrLine: {'line': b'      |                                                             \x1b[01;35m\x1b[K~~~~~^~~~~~~~~~\x1b[m\x1b[K\n'}
[27.800138] (rplidar_ros) StderrLine: {'line': b'\x1b[01m\x1b[K/root/humble_ws/src/rplidar_ros/sdk/src/dataunpacker/unpacker/../dataunpacker.h:54:90:\x1b[m\x1b[K \x1b[01;35m\x1b[Kwarning: \x1b[m\x1b[Kunused parameter \xe2\x80\x98\x1b[01m\x1b[Kdata\x1b[m\x1b[K\xe2\x80\x99 [\x1b[01;35m\x1b[K-Wunused-parameter\x1b[m\x1b[K]\n'}
[27.800670] (rplidar_ros) StderrLine: {'line': b'   54 |         virtual void onCustomSampleDataDecoded(_u8 ansType, _u32 customCode, \x1b[01;35m\x1b[Kconst void* data\x1b[m\x1b[K, size_t size) {}\n'}
[27.801179] (rplidar_ros) StderrLine: {'line': b'      |                                                                              \x1b[01;35m\x1b[K~~~~~~~~~~~~^~~~\x1b[m\x1b[K\n'}
[27.801657] (rplidar_ros) StderrLine: {'line': b'\x1b[01m\x1b[K/root/humble_ws/src/rplidar_ros/sdk/src/dataunpacker/unpacker/../dataunpacker.h:54:103:\x1b[m\x1b[K \x1b[01;35m\x1b[Kwarning: \x1b[m\x1b[Kunused parameter \xe2\x80\x98\x1b[01m\x1b[Ksize\x1b[m\x1b[K\xe2\x80\x99 [\x1b[01;35m\x1b[K-Wunused-parameter\x1b[m\x1b[K]\n'}
[27.802096] (rplidar_ros) StderrLine: {'line': b'   54 |         virtual void onCustomSampleDataDecoded(_u8 ansType, _u32 customCode, const void* data, \x1b[01;35m\x1b[Ksize_t size\x1b[m\x1b[K) {}\n'}
[27.802515] (rplidar_ros) StderrLine: {'line': b'      |                                                                                                \x1b[01;35m\x1b[K~~~~~~~^~~~\x1b[m\x1b[K\n'}
[27.802933] (rplidar_ros) StderrLine: {'line': b'\x1b[01m\x1b[K/root/humble_ws/src/rplidar_ros/sdk/src/dataunpacker/unpacker/../dataunpacker.h:\x1b[m\x1b[K In member function \xe2\x80\x98\x1b[01m\x1b[Kvirtual void sl::internal::LIDARSampleDataListener::onDecodingError(int, _u8, const void*, size_t)\x1b[m\x1b[K\xe2\x80\x99:\n'}
[27.803353] (rplidar_ros) StderrLine: {'line': b'\x1b[01m\x1b[K/root/humble_ws/src/rplidar_ros/sdk/src/dataunpacker/unpacker/../dataunpacker.h:56:42:\x1b[m\x1b[K \x1b[01;35m\x1b[Kwarning: \x1b[m\x1b[Kunused parameter \xe2\x80\x98\x1b[01m\x1b[KerrMsg\x1b[m\x1b[K\xe2\x80\x99 [\x1b[01;35m\x1b[K-Wunused-parameter\x1b[m\x1b[K]\n'}
[27.803733] (rplidar_ros) StderrLine: {'line': b'   56 |         virtual void onDecodingError(\x1b[01;35m\x1b[Kint errMsg\x1b[m\x1b[K, _u8 ansType, const void* payload, size_t size) {}\n'}
[27.804138] (rplidar_ros) StderrLine: {'line': b'      |                                      \x1b[01;35m\x1b[K~~~~^~~~~~\x1b[m\x1b[K\n'}
[27.804573] (rplidar_ros) StderrLine: {'line': b'\x1b[01m\x1b[K/root/humble_ws/src/rplidar_ros/sdk/src/dataunpacker/unpacker/../dataunpacker.h:56:54:\x1b[m\x1b[K \x1b[01;35m\x1b[Kwarning: \x1b[m\x1b[Kunused parameter \xe2\x80\x98\x1b[01m\x1b[KansType\x1b[m\x1b[K\xe2\x80\x99 [\x1b[01;35m\x1b[K-Wunused-parameter\x1b[m\x1b[K]\n'}
[27.805014] (rplidar_ros) StderrLine: {'line': b'   56 |         virtual void onDecodingError(int errMsg, \x1b[01;35m\x1b[K_u8 ansType\x1b[m\x1b[K, const void* payload, size_t size) {}\n'}
[27.805411] (rplidar_ros) StderrLine: {'line': b'      |                                                  \x1b[01;35m\x1b[K~~~~^~~~~~~\x1b[m\x1b[K\n'}
[27.813269] (rplidar_ros) StderrLine: {'line': b'\x1b[01m\x1b[K/root/humble_ws/src/rplidar_ros/sdk/src/dataunpacker/unpacker/../dataunpacker.h:56:75:\x1b[m\x1b[K \x1b[01;35m\x1b[Kwarning: \x1b[m\x1b[Kunused parameter \xe2\x80\x98\x1b[01m\x1b[Kpayload\x1b[m\x1b[K\xe2\x80\x99 [\x1b[01;35m\x1b[K-Wunused-parameter\x1b[m\x1b[K]\n'}
[27.813805] (rplidar_ros) StderrLine: {'line': b'   56 |         virtual void onDecodingError(int errMsg, _u8 ansType, \x1b[01;35m\x1b[Kconst void* payload\x1b[m\x1b[K, size_t size) {}\n'}
[27.814264] (rplidar_ros) StderrLine: {'line': b'      |                                                               \x1b[01;35m\x1b[K~~~~~~~~~~~~^~~~~~~\x1b[m\x1b[K\n'}
[27.814694] (rplidar_ros) StderrLine: {'line': b'\x1b[01m\x1b[K/root/humble_ws/src/rplidar_ros/sdk/src/dataunpacker/unpacker/../dataunpacker.h:56:91:\x1b[m\x1b[K \x1b[01;35m\x1b[Kwarning: \x1b[m\x1b[Kunused parameter \xe2\x80\x98\x1b[01m\x1b[Ksize\x1b[m\x1b[K\xe2\x80\x99 [\x1b[01;35m\x1b[K-Wunused-parameter\x1b[m\x1b[K]\n'}
[27.815090] (rplidar_ros) StderrLine: {'line': b'   56 |         virtual void onDecodingError(int errMsg, _u8 ansType, const void* payload, \x1b[01;35m\x1b[Ksize_t size\x1b[m\x1b[K) {}\n'}
[27.815455] (rplidar_ros) StderrLine: {'line': b'      |                                                                                    \x1b[01;35m\x1b[K~~~~~~~^~~~\x1b[m\x1b[K\n'}
[27.893835] (-) TimerEvent: {}
[27.994552] (-) TimerEvent: {}
[28.096832] (-) TimerEvent: {}
[28.197893] (-) TimerEvent: {}
[28.300354] (-) TimerEvent: {}
[28.403071] (-) TimerEvent: {}
[28.501255] (rplidar_ros) StdoutLine: {'line': b'[ 26%] \x1b[32mBuilding CXX object CMakeFiles/rplidar_composition.dir/sdk/src/dataunpacker/unpacker/handler_normalnode.cpp.o\x1b[0m\n'}
[28.503666] (-) TimerEvent: {}
[28.605394] (-) TimerEvent: {}
[28.707739] (-) TimerEvent: {}
[28.810153] (-) TimerEvent: {}
[28.912520] (-) TimerEvent: {}
[29.014987] (-) TimerEvent: {}
[29.117669] (-) TimerEvent: {}
[29.220076] (-) TimerEvent: {}
[29.322664] (-) TimerEvent: {}
[29.425132] (-) TimerEvent: {}
[29.527576] (-) TimerEvent: {}
[29.630257] (-) TimerEvent: {}
[29.732785] (-) TimerEvent: {}
[29.835265] (-) TimerEvent: {}
[29.936019] (-) TimerEvent: {}
[30.037483] (-) TimerEvent: {}
[30.138268] (-) TimerEvent: {}
[30.240210] (-) TimerEvent: {}
[30.342129] (-) TimerEvent: {}
[30.443931] (-) TimerEvent: {}
[30.545665] (-) TimerEvent: {}
[30.648010] (-) TimerEvent: {}
[30.653536] (rplidar_ros) StderrLine: {'line': b'In file included from \x1b[01m\x1b[K/root/humble_ws/src/rplidar_ros/sdk/include/rplidar_protocol.h:36\x1b[m\x1b[K,\n'}
[30.654530] (rplidar_ros) StderrLine: {'line': b'                 from \x1b[01m\x1b[K/root/humble_ws/src/rplidar_ros/sdk/include/rplidar.h:39\x1b[m\x1b[K,\n'}
[30.655317] (rplidar_ros) StderrLine: {'line': b'                 from \x1b[01m\x1b[K/root/humble_ws/src/rplidar_ros/sdk/src/sdkcommon.h:49\x1b[m\x1b[K,\n'}
[30.656082] (rplidar_ros) StderrLine: {'line': b'                 from \x1b[01m\x1b[K/root/humble_ws/src/rplidar_ros/sdk/src/dataunpacker/unpacker/../dataunnpacker_commondef.h:41\x1b[m\x1b[K,\n'}
[30.656857] (rplidar_ros) StderrLine: {'line': b'                 from \x1b[01m\x1b[K/root/humble_ws/src/rplidar_ros/sdk/src/dataunpacker/unpacker/handler_normalnode.cpp:39\x1b[m\x1b[K:\n'}
[30.657613] (rplidar_ros) StderrLine: {'line': b'\x1b[01m\x1b[K/root/humble_ws/src/rplidar_ros/sdk/include/sl_lidar_protocol.h:66:16:\x1b[m\x1b[K \x1b[01;35m\x1b[Kwarning: \x1b[m\x1b[KISO C++ forbids zero-size array \xe2\x80\x98\x1b[01m\x1b[Kdata\x1b[m\x1b[K\xe2\x80\x99 [\x1b[01;35m\x1b[K-Wpedantic\x1b[m\x1b[K]\n'}
[30.658355] (rplidar_ros) StderrLine: {'line': b'   66 |     sl_u8 data[\x1b[01;35m\x1b[K0\x1b[m\x1b[K];\n'}
[30.659087] (rplidar_ros) StderrLine: {'line': b'      |                \x1b[01;35m\x1b[K^\x1b[m\x1b[K\n'}
[30.663131] (rplidar_ros) StderrLine: {'line': b'In file included from \x1b[01m\x1b[K/root/humble_ws/src/rplidar_ros/sdk/include/rplidar_cmd.h:36\x1b[m\x1b[K,\n'}
[30.664060] (rplidar_ros) StderrLine: {'line': b'                 from \x1b[01m\x1b[K/root/humble_ws/src/rplidar_ros/sdk/include/rplidar.h:40\x1b[m\x1b[K,\n'}
[30.664876] (rplidar_ros) StderrLine: {'line': b'                 from \x1b[01m\x1b[K/root/humble_ws/src/rplidar_ros/sdk/src/sdkcommon.h:49\x1b[m\x1b[K,\n'}
[30.665630] (rplidar_ros) StderrLine: {'line': b'                 from \x1b[01m\x1b[K/root/humble_ws/src/rplidar_ros/sdk/src/dataunpacker/unpacker/../dataunnpacker_commondef.h:41\x1b[m\x1b[K,\n'}
[30.666472] (rplidar_ros) StderrLine: {'line': b'                 from \x1b[01m\x1b[K/root/humble_ws/src/rplidar_ros/sdk/src/dataunpacker/unpacker/handler_normalnode.cpp:39\x1b[m\x1b[K:\n'}
[30.667443] (rplidar_ros) StderrLine: {'line': b'\x1b[01m\x1b[K/root/humble_ws/src/rplidar_ros/sdk/include/sl_lidar_cmd.h:324:20:\x1b[m\x1b[K \x1b[01;35m\x1b[Kwarning: \x1b[m\x1b[KISO C++ forbids zero-size array \xe2\x80\x98\x1b[01m\x1b[Kpayload\x1b[m\x1b[K\xe2\x80\x99 [\x1b[01;35m\x1b[K-Wpedantic\x1b[m\x1b[K]\n'}
[30.668222] (rplidar_ros) StderrLine: {'line': b'  324 |     sl_u8  payload[\x1b[01;35m\x1b[K0\x1b[m\x1b[K];\n'}
[30.668978] (rplidar_ros) StderrLine: {'line': b'      |                    \x1b[01;35m\x1b[K^\x1b[m\x1b[K\n'}
[30.748215] (-) TimerEvent: {}
[30.850802] (-) TimerEvent: {}
[30.953322] (-) TimerEvent: {}
[31.055681] (-) TimerEvent: {}
[31.159410] (-) TimerEvent: {}
[31.260157] (-) TimerEvent: {}
[31.362412] (-) TimerEvent: {}
[31.464582] (-) TimerEvent: {}
[31.566681] (-) TimerEvent: {}
[31.644130] (rplidar_ros) StderrLine: {'line': b'In file included from \x1b[01m\x1b[K/root/humble_ws/src/rplidar_ros/sdk/src/dataunpacker/unpacker/handler_normalnode.cpp:40\x1b[m\x1b[K:\n'}
[31.645165] (rplidar_ros) StderrLine: {'line': b'\x1b[01m\x1b[K/root/humble_ws/src/rplidar_ros/sdk/src/dataunpacker/unpacker/../dataunpacker.h:\x1b[m\x1b[K In member function \xe2\x80\x98\x1b[01m\x1b[Kvirtual void sl::internal::LIDARSampleDataListener::onCustomSampleDataDecoded(_u8, _u32, const void*, size_t)\x1b[m\x1b[K\xe2\x80\x99:\n'}
[31.645938] (rplidar_ros) StderrLine: {'line': b'\x1b[01m\x1b[K/root/humble_ws/src/rplidar_ros/sdk/src/dataunpacker/unpacker/../dataunpacker.h:54:52:\x1b[m\x1b[K \x1b[01;35m\x1b[Kwarning: \x1b[m\x1b[Kunused parameter \xe2\x80\x98\x1b[01m\x1b[KansType\x1b[m\x1b[K\xe2\x80\x99 [\x1b[01;35m\x1b[K-Wunused-parameter\x1b[m\x1b[K]\n'}
[31.646692] (rplidar_ros) StderrLine: {'line': b'   54 |         virtual void onCustomSampleDataDecoded(\x1b[01;35m\x1b[K_u8 ansType\x1b[m\x1b[K, _u32 customCode, const void* data, size_t size) {}\n'}
[31.647438] (rplidar_ros) StderrLine: {'line': b'      |                                                \x1b[01;35m\x1b[K~~~~^~~~~~~\x1b[m\x1b[K\n'}
[31.648280] (rplidar_ros) StderrLine: {'line': b'\x1b[01m\x1b[K/root/humble_ws/src/rplidar_ros/sdk/src/dataunpacker/unpacker/../dataunpacker.h:54:66:\x1b[m\x1b[K \x1b[01;35m\x1b[Kwarning: \x1b[m\x1b[Kunused parameter \xe2\x80\x98\x1b[01m\x1b[KcustomCode\x1b[m\x1b[K\xe2\x80\x99 [\x1b[01;35m\x1b[K-Wunused-parameter\x1b[m\x1b[K]\n'}
[31.649172] (rplidar_ros) StderrLine: {'line': b'   54 |         virtual void onCustomSampleDataDecoded(_u8 ansType, \x1b[01;35m\x1b[K_u32 customCode\x1b[m\x1b[K, const void* data, size_t size) {}\n'}
[31.650336] (rplidar_ros) StderrLine: {'line': b'      |                                                             \x1b[01;35m\x1b[K~~~~~^~~~~~~~~~\x1b[m\x1b[K\n'}
[31.651326] (rplidar_ros) StderrLine: {'line': b'\x1b[01m\x1b[K/root/humble_ws/src/rplidar_ros/sdk/src/dataunpacker/unpacker/../dataunpacker.h:54:90:\x1b[m\x1b[K \x1b[01;35m\x1b[Kwarning: \x1b[m\x1b[Kunused parameter \xe2\x80\x98\x1b[01m\x1b[Kdata\x1b[m\x1b[K\xe2\x80\x99 [\x1b[01;35m\x1b[K-Wunused-parameter\x1b[m\x1b[K]\n'}
[31.652208] (rplidar_ros) StderrLine: {'line': b'   54 |         virtual void onCustomSampleDataDecoded(_u8 ansType, _u32 customCode, \x1b[01;35m\x1b[Kconst void* data\x1b[m\x1b[K, size_t size) {}\n'}
[31.653166] (rplidar_ros) StderrLine: {'line': b'      |                                                                              \x1b[01;35m\x1b[K~~~~~~~~~~~~^~~~\x1b[m\x1b[K\n'}
[31.654115] (rplidar_ros) StderrLine: {'line': b'\x1b[01m\x1b[K/root/humble_ws/src/rplidar_ros/sdk/src/dataunpacker/unpacker/../dataunpacker.h:54:103:\x1b[m\x1b[K \x1b[01;35m\x1b[Kwarning: \x1b[m\x1b[Kunused parameter \xe2\x80\x98\x1b[01m\x1b[Ksize\x1b[m\x1b[K\xe2\x80\x99 [\x1b[01;35m\x1b[K-Wunused-parameter\x1b[m\x1b[K]\n'}
[31.654959] (rplidar_ros) StderrLine: {'line': b'   54 |         virtual void onCustomSampleDataDecoded(_u8 ansType, _u32 customCode, const void* data, \x1b[01;35m\x1b[Ksize_t size\x1b[m\x1b[K) {}\n'}
[31.655748] (rplidar_ros) StderrLine: {'line': b'      |                                                                                                \x1b[01;35m\x1b[K~~~~~~~^~~~\x1b[m\x1b[K\n'}
[31.656875] (rplidar_ros) StderrLine: {'line': b'\x1b[01m\x1b[K/root/humble_ws/src/rplidar_ros/sdk/src/dataunpacker/unpacker/../dataunpacker.h:\x1b[m\x1b[K In member function \xe2\x80\x98\x1b[01m\x1b[Kvirtual void sl::internal::LIDARSampleDataListener::onDecodingError(int, _u8, const void*, size_t)\x1b[m\x1b[K\xe2\x80\x99:\n'}
[31.657763] (rplidar_ros) StderrLine: {'line': b'\x1b[01m\x1b[K/root/humble_ws/src/rplidar_ros/sdk/src/dataunpacker/unpacker/../dataunpacker.h:56:42:\x1b[m\x1b[K \x1b[01;35m\x1b[Kwarning: \x1b[m\x1b[Kunused parameter \xe2\x80\x98\x1b[01m\x1b[KerrMsg\x1b[m\x1b[K\xe2\x80\x99 [\x1b[01;35m\x1b[K-Wunused-parameter\x1b[m\x1b[K]\n'}
[31.659281] (rplidar_ros) StderrLine: {'line': b'   56 |         virtual void onDecodingError(\x1b[01;35m\x1b[Kint errMsg\x1b[m\x1b[K, _u8 ansType, const void* payload, size_t size) {}\n'}
[31.659918] (rplidar_ros) StderrLine: {'line': b'      |                                      \x1b[01;35m\x1b[K~~~~^~~~~~\x1b[m\x1b[K\n'}
[31.660411] (rplidar_ros) StderrLine: {'line': b'\x1b[01m\x1b[K/root/humble_ws/src/rplidar_ros/sdk/src/dataunpacker/unpacker/../dataunpacker.h:56:54:\x1b[m\x1b[K \x1b[01;35m\x1b[Kwarning: \x1b[m\x1b[Kunused parameter \xe2\x80\x98\x1b[01m\x1b[KansType\x1b[m\x1b[K\xe2\x80\x99 [\x1b[01;35m\x1b[K-Wunused-parameter\x1b[m\x1b[K]\n'}
[31.666988] (-) TimerEvent: {}
[31.669255] (rplidar_ros) StderrLine: {'line': b'   56 |         virtual void onDecodingError(int errMsg, \x1b[01;35m\x1b[K_u8 ansType\x1b[m\x1b[K, const void* payload, size_t size) {}\n'}
[31.669924] (rplidar_ros) StderrLine: {'line': b'      |                                                  \x1b[01;35m\x1b[K~~~~^~~~~~~\x1b[m\x1b[K\n'}
[31.670410] (rplidar_ros) StderrLine: {'line': b'\x1b[01m\x1b[K/root/humble_ws/src/rplidar_ros/sdk/src/dataunpacker/unpacker/../dataunpacker.h:56:75:\x1b[m\x1b[K \x1b[01;35m\x1b[Kwarning: \x1b[m\x1b[Kunused parameter \xe2\x80\x98\x1b[01m\x1b[Kpayload\x1b[m\x1b[K\xe2\x80\x99 [\x1b[01;35m\x1b[K-Wunused-parameter\x1b[m\x1b[K]\n'}
[31.670893] (rplidar_ros) StderrLine: {'line': b'   56 |         virtual void onDecodingError(int errMsg, _u8 ansType, \x1b[01;35m\x1b[Kconst void* payload\x1b[m\x1b[K, size_t size) {}\n'}
[31.671354] (rplidar_ros) StderrLine: {'line': b'      |                                                               \x1b[01;35m\x1b[K~~~~~~~~~~~~^~~~~~~\x1b[m\x1b[K\n'}
[31.671817] (rplidar_ros) StderrLine: {'line': b'\x1b[01m\x1b[K/root/humble_ws/src/rplidar_ros/sdk/src/dataunpacker/unpacker/../dataunpacker.h:56:91:\x1b[m\x1b[K \x1b[01;35m\x1b[Kwarning: \x1b[m\x1b[Kunused parameter \xe2\x80\x98\x1b[01m\x1b[Ksize\x1b[m\x1b[K\xe2\x80\x99 [\x1b[01;35m\x1b[K-Wunused-parameter\x1b[m\x1b[K]\n'}
[31.672266] (rplidar_ros) StderrLine: {'line': b'   56 |         virtual void onDecodingError(int errMsg, _u8 ansType, const void* payload, \x1b[01;35m\x1b[Ksize_t size\x1b[m\x1b[K) {}\n'}
[31.672827] (rplidar_ros) StderrLine: {'line': b'      |                                                                                    \x1b[01;35m\x1b[K~~~~~~~^~~~\x1b[m\x1b[K\n'}
[31.767176] (-) TimerEvent: {}
[31.869525] (-) TimerEvent: {}
[31.971886] (-) TimerEvent: {}
[32.074224] (-) TimerEvent: {}
[32.176509] (-) TimerEvent: {}
[32.278298] (-) TimerEvent: {}
[32.380635] (-) TimerEvent: {}
[32.428144] (rplidar_ros) StdoutLine: {'line': b'[ 28%] \x1b[32mBuilding CXX object CMakeFiles/rplidar_composition.dir/sdk/src/hal/thread.cpp.o\x1b[0m\n'}
[32.480742] (-) TimerEvent: {}
[32.583273] (-) TimerEvent: {}
[32.684263] (-) TimerEvent: {}
[32.786081] (-) TimerEvent: {}
[32.887884] (-) TimerEvent: {}
[32.988775] (-) TimerEvent: {}
[33.091164] (-) TimerEvent: {}
[33.193723] (-) TimerEvent: {}
[33.295823] (-) TimerEvent: {}
[33.398202] (-) TimerEvent: {}
[33.500682] (-) TimerEvent: {}
[33.603097] (-) TimerEvent: {}
[33.704685] (-) TimerEvent: {}
[33.806194] (-) TimerEvent: {}
[33.908177] (-) TimerEvent: {}
[34.010659] (-) TimerEvent: {}
[34.112298] (-) TimerEvent: {}
[34.214126] (-) TimerEvent: {}
[34.315507] (-) TimerEvent: {}
[34.416265] (-) TimerEvent: {}
[34.449884] (rplidar_ros) StderrLine: {'line': b'In file included from \x1b[01m\x1b[K/root/humble_ws/src/rplidar_ros/sdk/include/rplidar_protocol.h:36\x1b[m\x1b[K,\n'}
[34.450977] (rplidar_ros) StderrLine: {'line': b'                 from \x1b[01m\x1b[K/root/humble_ws/src/rplidar_ros/sdk/include/rplidar.h:39\x1b[m\x1b[K,\n'}
[34.451952] (rplidar_ros) StderrLine: {'line': b'                 from \x1b[01m\x1b[K/root/humble_ws/src/rplidar_ros/sdk/src/sdkcommon.h:49\x1b[m\x1b[K,\n'}
[34.453087] (rplidar_ros) StderrLine: {'line': b'                 from \x1b[01m\x1b[K/root/humble_ws/src/rplidar_ros/sdk/src/hal/thread.cpp:35\x1b[m\x1b[K:\n'}
[34.454024] (rplidar_ros) StderrLine: {'line': b'\x1b[01m\x1b[K/root/humble_ws/src/rplidar_ros/sdk/include/sl_lidar_protocol.h:66:16:\x1b[m\x1b[K \x1b[01;35m\x1b[Kwarning: \x1b[m\x1b[KISO C++ forbids zero-size array \xe2\x80\x98\x1b[01m\x1b[Kdata\x1b[m\x1b[K\xe2\x80\x99 [\x1b[01;35m\x1b[K-Wpedantic\x1b[m\x1b[K]\n'}
[34.454929] (rplidar_ros) StderrLine: {'line': b'   66 |     sl_u8 data[\x1b[01;35m\x1b[K0\x1b[m\x1b[K];\n'}
[34.455842] (rplidar_ros) StderrLine: {'line': b'      |                \x1b[01;35m\x1b[K^\x1b[m\x1b[K\n'}
[34.459327] (rplidar_ros) StderrLine: {'line': b'In file included from \x1b[01m\x1b[K/root/humble_ws/src/rplidar_ros/sdk/include/rplidar_cmd.h:36\x1b[m\x1b[K,\n'}
[34.460296] (rplidar_ros) StderrLine: {'line': b'                 from \x1b[01m\x1b[K/root/humble_ws/src/rplidar_ros/sdk/include/rplidar.h:40\x1b[m\x1b[K,\n'}
[34.461233] (rplidar_ros) StderrLine: {'line': b'                 from \x1b[01m\x1b[K/root/humble_ws/src/rplidar_ros/sdk/src/sdkcommon.h:49\x1b[m\x1b[K,\n'}
[34.462070] (rplidar_ros) StderrLine: {'line': b'                 from \x1b[01m\x1b[K/root/humble_ws/src/rplidar_ros/sdk/src/hal/thread.cpp:35\x1b[m\x1b[K:\n'}
[34.462898] (rplidar_ros) StderrLine: {'line': b'\x1b[01m\x1b[K/root/humble_ws/src/rplidar_ros/sdk/include/sl_lidar_cmd.h:324:20:\x1b[m\x1b[K \x1b[01;35m\x1b[Kwarning: \x1b[m\x1b[KISO C++ forbids zero-size array \xe2\x80\x98\x1b[01m\x1b[Kpayload\x1b[m\x1b[K\xe2\x80\x99 [\x1b[01;35m\x1b[K-Wpedantic\x1b[m\x1b[K]\n'}
[34.463742] (rplidar_ros) StderrLine: {'line': b'  324 |     sl_u8  payload[\x1b[01;35m\x1b[K0\x1b[m\x1b[K];\n'}
[34.464630] (rplidar_ros) StderrLine: {'line': b'      |                    \x1b[01;35m\x1b[K^\x1b[m\x1b[K\n'}
[34.516432] (-) TimerEvent: {}
[34.595679] (rplidar_ros) StdoutLine: {'line': b'[ 31%] \x1b[32mBuilding CXX object CMakeFiles/rplidar_composition.dir/sdk/src/rplidar_driver.cpp.o\x1b[0m\n'}
[34.616637] (-) TimerEvent: {}
[34.706430] (rplidar_ros) StderrLine: {'line': b'In file included from \x1b[01m\x1b[K/root/humble_ws/src/rplidar_ros/sdk/src/hal/thread.cpp:43\x1b[m\x1b[K:\n'}
[34.707032] (rplidar_ros) StderrLine: {'line': b'\x1b[01m\x1b[K/root/humble_ws/src/rplidar_ros/sdk/src/arch/linux/thread.hpp:\x1b[m\x1b[K In static member function \xe2\x80\x98\x1b[01m\x1b[Kstatic rp::hal::Thread rp::hal::Thread::create(thread_proc_t, void*)\x1b[m\x1b[K\xe2\x80\x99:\n'}
[34.707498] (rplidar_ros) StderrLine: {'line': b'\x1b[01m\x1b[K/root/humble_ws/src/rplidar_ros/sdk/src/arch/linux/thread.hpp:52:57:\x1b[m\x1b[K \x1b[01;35m\x1b[Kwarning: \x1b[m\x1b[Kcast between incompatible function types from \xe2\x80\x98\x1b[01m\x1b[Kthread_proc_t\x1b[m\x1b[K\xe2\x80\x99 {aka \xe2\x80\x98\x1b[01m\x1b[Klong unsigned int (*)(void*)\x1b[m\x1b[K\xe2\x80\x99} to \xe2\x80\x98\x1b[01m\x1b[Kvoid* (*)(void*)\x1b[m\x1b[K\xe2\x80\x99 [\x1b[01;35m\x1b[K-Wcast-function-type\x1b[m\x1b[K]\n'}
[34.708015] (rplidar_ros) StderrLine: {'line': b'   52 |     pthread_create((pthread_t *)&newborn._handle, NULL, \x1b[01;35m\x1b[K(void * (*)(void *))proc\x1b[m\x1b[K, data);\n'}
[34.708428] (rplidar_ros) StderrLine: {'line': b'      |                                                         \x1b[01;35m\x1b[K^~~~~~~~~~~~~~~~~~~~~~~~\x1b[m\x1b[K\n'}
[34.712733] (rplidar_ros) StderrLine: {'line': b'\x1b[01m\x1b[K/root/humble_ws/src/rplidar_ros/sdk/src/arch/linux/thread.hpp:\x1b[m\x1b[K In member function \xe2\x80\x98\x1b[01m\x1b[Ku_result rp::hal::Thread::join(long unsigned int)\x1b[m\x1b[K\xe2\x80\x99:\n'}
[34.713667] (rplidar_ros) StderrLine: {'line': b'\x1b[01m\x1b[K/root/humble_ws/src/rplidar_ros/sdk/src/arch/linux/thread.hpp:176:37:\x1b[m\x1b[K \x1b[01;35m\x1b[Kwarning: \x1b[m\x1b[Kunused parameter \xe2\x80\x98\x1b[01m\x1b[Ktimeout\x1b[m\x1b[K\xe2\x80\x99 [\x1b[01;35m\x1b[K-Wunused-parameter\x1b[m\x1b[K]\n'}
[34.714410] (rplidar_ros) StderrLine: {'line': b'  176 | u_result Thread::join(\x1b[01;35m\x1b[Kunsigned long timeout\x1b[m\x1b[K)\n'}
[34.715098] (rplidar_ros) StderrLine: {'line': b'      |                       \x1b[01;35m\x1b[K~~~~~~~~~~~~~~^~~~~~~\x1b[m\x1b[K\n'}
[34.716776] (-) TimerEvent: {}
[34.818325] (-) TimerEvent: {}
[34.920398] (-) TimerEvent: {}
[35.022396] (-) TimerEvent: {}
[35.110869] (rplidar_ros) StdoutLine: {'line': b'[ 34%] \x1b[32mBuilding CXX object CMakeFiles/rplidar_composition.dir/sdk/src/sl_async_transceiver.cpp.o\x1b[0m\n'}
[35.122597] (-) TimerEvent: {}
[35.224416] (-) TimerEvent: {}
[35.325809] (-) TimerEvent: {}
[35.344840] (rplidar_ros) StdoutLine: {'line': b'[ 36%] \x1b[32mBuilding CXX object CMakeFiles/rplidar_node.dir/sdk/src/arch/linux/net_serial.cpp.o\x1b[0m\n'}
[35.425996] (-) TimerEvent: {}
[35.527537] (-) TimerEvent: {}
[35.629101] (-) TimerEvent: {}
[35.731486] (-) TimerEvent: {}
[35.834304] (-) TimerEvent: {}
[35.936653] (-) TimerEvent: {}
[36.038402] (-) TimerEvent: {}
[36.140705] (-) TimerEvent: {}
[36.243040] (-) TimerEvent: {}
[36.345143] (-) TimerEvent: {}
[36.429021] (rplidar_ros) StderrLine: {'line': b'In file included from \x1b[01m\x1b[K/root/humble_ws/src/rplidar_ros/sdk/include/rplidar_protocol.h:36\x1b[m\x1b[K,\n'}
[36.429610] (rplidar_ros) StderrLine: {'line': b'                 from \x1b[01m\x1b[K/root/humble_ws/src/rplidar_ros/sdk/include/rplidar.h:39\x1b[m\x1b[K,\n'}
[36.430048] (rplidar_ros) StderrLine: {'line': b'                 from \x1b[01m\x1b[K/root/humble_ws/src/rplidar_ros/sdk/src/sdkcommon.h:49\x1b[m\x1b[K,\n'}
[36.430451] (rplidar_ros) StderrLine: {'line': b'                 from \x1b[01m\x1b[K/root/humble_ws/src/rplidar_ros/sdk/src/rplidar_driver.cpp:33\x1b[m\x1b[K:\n'}
[36.430970] (rplidar_ros) StderrLine: {'line': b'\x1b[01m\x1b[K/root/humble_ws/src/rplidar_ros/sdk/include/sl_lidar_protocol.h:66:16:\x1b[m\x1b[K \x1b[01;35m\x1b[Kwarning: \x1b[m\x1b[KISO C++ forbids zero-size array \xe2\x80\x98\x1b[01m\x1b[Kdata\x1b[m\x1b[K\xe2\x80\x99 [\x1b[01;35m\x1b[K-Wpedantic\x1b[m\x1b[K]\n'}
[36.431602] (rplidar_ros) StderrLine: {'line': b'   66 |     sl_u8 data[\x1b[01;35m\x1b[K0\x1b[m\x1b[K];\n'}
[36.432067] (rplidar_ros) StderrLine: {'line': b'      |                \x1b[01;35m\x1b[K^\x1b[m\x1b[K\n'}
[36.432935] (rplidar_ros) StderrLine: {'line': b'In file included from \x1b[01m\x1b[K/root/humble_ws/src/rplidar_ros/sdk/include/rplidar_cmd.h:36\x1b[m\x1b[K,\n'}
[36.433966] (rplidar_ros) StderrLine: {'line': b'                 from \x1b[01m\x1b[K/root/humble_ws/src/rplidar_ros/sdk/include/rplidar.h:40\x1b[m\x1b[K,\n'}
[36.434481] (rplidar_ros) StderrLine: {'line': b'                 from \x1b[01m\x1b[K/root/humble_ws/src/rplidar_ros/sdk/src/sdkcommon.h:49\x1b[m\x1b[K,\n'}
[36.434916] (rplidar_ros) StderrLine: {'line': b'                 from \x1b[01m\x1b[K/root/humble_ws/src/rplidar_ros/sdk/src/rplidar_driver.cpp:33\x1b[m\x1b[K:\n'}
[36.435329] (rplidar_ros) StderrLine: {'line': b'\x1b[01m\x1b[K/root/humble_ws/src/rplidar_ros/sdk/include/sl_lidar_cmd.h:324:20:\x1b[m\x1b[K \x1b[01;35m\x1b[Kwarning: \x1b[m\x1b[KISO C++ forbids zero-size array \xe2\x80\x98\x1b[01m\x1b[Kpayload\x1b[m\x1b[K\xe2\x80\x99 [\x1b[01;35m\x1b[K-Wpedantic\x1b[m\x1b[K]\n'}
[36.435934] (rplidar_ros) StderrLine: {'line': b'  324 |     sl_u8  payload[\x1b[01;35m\x1b[K0\x1b[m\x1b[K];\n'}
[36.436401] (rplidar_ros) StderrLine: {'line': b'      |                    \x1b[01;35m\x1b[K^\x1b[m\x1b[K\n'}
[36.445332] (-) TimerEvent: {}
[36.547033] (-) TimerEvent: {}
[36.659407] (-) TimerEvent: {}
[36.779808] (-) TimerEvent: {}
[36.882104] (-) TimerEvent: {}
[36.984253] (-) TimerEvent: {}
[37.008515] (rplidar_ros) StderrLine: {'line': b'In file included from \x1b[01m\x1b[K/root/humble_ws/src/rplidar_ros/sdk/include/rplidar_protocol.h:36\x1b[m\x1b[K,\n'}
[37.009233] (rplidar_ros) StderrLine: {'line': b'                 from \x1b[01m\x1b[K/root/humble_ws/src/rplidar_ros/sdk/include/rplidar.h:39\x1b[m\x1b[K,\n'}
[37.009659] (rplidar_ros) StderrLine: {'line': b'                 from \x1b[01m\x1b[K/root/humble_ws/src/rplidar_ros/sdk/src/sdkcommon.h:49\x1b[m\x1b[K,\n'}
[37.010040] (rplidar_ros) StderrLine: {'line': b'                 from \x1b[01m\x1b[K/root/humble_ws/src/rplidar_ros/sdk/src/sl_async_transceiver.cpp:35\x1b[m\x1b[K:\n'}
[37.010483] (rplidar_ros) StderrLine: {'line': b'\x1b[01m\x1b[K/root/humble_ws/src/rplidar_ros/sdk/include/sl_lidar_protocol.h:66:16:\x1b[m\x1b[K \x1b[01;35m\x1b[Kwarning: \x1b[m\x1b[KISO C++ forbids zero-size array \xe2\x80\x98\x1b[01m\x1b[Kdata\x1b[m\x1b[K\xe2\x80\x99 [\x1b[01;35m\x1b[K-Wpedantic\x1b[m\x1b[K]\n'}
[37.010932] (rplidar_ros) StderrLine: {'line': b'   66 |     sl_u8 data[\x1b[01;35m\x1b[K0\x1b[m\x1b[K];\n'}
[37.011321] (rplidar_ros) StderrLine: {'line': b'      |                \x1b[01;35m\x1b[K^\x1b[m\x1b[K\n'}
[37.012020] (rplidar_ros) StderrLine: {'line': b'In file included from \x1b[01m\x1b[K/root/humble_ws/src/rplidar_ros/sdk/include/rplidar_cmd.h:36\x1b[m\x1b[K,\n'}
[37.012510] (rplidar_ros) StderrLine: {'line': b'                 from \x1b[01m\x1b[K/root/humble_ws/src/rplidar_ros/sdk/include/rplidar.h:40\x1b[m\x1b[K,\n'}
[37.013067] (rplidar_ros) StderrLine: {'line': b'                 from \x1b[01m\x1b[K/root/humble_ws/src/rplidar_ros/sdk/src/sdkcommon.h:49\x1b[m\x1b[K,\n'}
[37.013544] (rplidar_ros) StderrLine: {'line': b'                 from \x1b[01m\x1b[K/root/humble_ws/src/rplidar_ros/sdk/src/sl_async_transceiver.cpp:35\x1b[m\x1b[K:\n'}
[37.013998] (rplidar_ros) StderrLine: {'line': b'\x1b[01m\x1b[K/root/humble_ws/src/rplidar_ros/sdk/include/sl_lidar_cmd.h:324:20:\x1b[m\x1b[K \x1b[01;35m\x1b[Kwarning: \x1b[m\x1b[KISO C++ forbids zero-size array \xe2\x80\x98\x1b[01m\x1b[Kpayload\x1b[m\x1b[K\xe2\x80\x99 [\x1b[01;35m\x1b[K-Wpedantic\x1b[m\x1b[K]\n'}
[37.014438] (rplidar_ros) StderrLine: {'line': b'  324 |     sl_u8  payload[\x1b[01;35m\x1b[K0\x1b[m\x1b[K];\n'}
[37.014889] (rplidar_ros) StderrLine: {'line': b'      |                    \x1b[01;35m\x1b[K^\x1b[m\x1b[K\n'}
[37.084440] (-) TimerEvent: {}
[37.125743] (rplidar_ros) StderrLine: {'line': b'\x1b[01m\x1b[K/root/humble_ws/src/rplidar_ros/sdk/src/rplidar_driver.cpp:\x1b[m\x1b[K In member function \xe2\x80\x98\x1b[01m\x1b[Ku_result rp::standalone::rplidar::RPlidarDriver::connect(const char*, _u32, _u32)\x1b[m\x1b[K\xe2\x80\x99:\n'}
[37.126785] (rplidar_ros) StderrLine: {'line': b'\x1b[01m\x1b[K/root/humble_ws/src/rplidar_ros/sdk/src/rplidar_driver.cpp:67:77:\x1b[m\x1b[K \x1b[01;35m\x1b[Kwarning: \x1b[m\x1b[Kunused parameter \xe2\x80\x98\x1b[01m\x1b[Kflag\x1b[m\x1b[K\xe2\x80\x99 [\x1b[01;35m\x1b[K-Wunused-parameter\x1b[m\x1b[K]\n'}
[37.127650] (rplidar_ros) StderrLine: {'line': b'   67 |     u_result RPlidarDriver::connect(const char *path, _u32 portOrBaud, \x1b[01;35m\x1b[K_u32 flag\x1b[m\x1b[K)\n'}
[37.128452] (rplidar_ros) StderrLine: {'line': b'      |                                                                        \x1b[01;35m\x1b[K~~~~~^~~~\x1b[m\x1b[K\n'}
[37.130255] (rplidar_ros) StderrLine: {'line': b'\x1b[01m\x1b[K/root/humble_ws/src/rplidar_ros/sdk/src/rplidar_driver.cpp:\x1b[m\x1b[K In member function \xe2\x80\x98\x1b[01m\x1b[Ku_result rp::standalone::rplidar::RPlidarDriver::reset(_u32)\x1b[m\x1b[K\xe2\x80\x99:\n'}
[37.131196] (rplidar_ros) StderrLine: {'line': b'\x1b[01m\x1b[K/root/humble_ws/src/rplidar_ros/sdk/src/rplidar_driver.cpp:101:40:\x1b[m\x1b[K \x1b[01;35m\x1b[Kwarning: \x1b[m\x1b[Kunused parameter \xe2\x80\x98\x1b[01m\x1b[Ktimeout\x1b[m\x1b[K\xe2\x80\x99 [\x1b[01;35m\x1b[K-Wunused-parameter\x1b[m\x1b[K]\n'}
[37.131959] (rplidar_ros) StderrLine: {'line': b'  101 |     u_result RPlidarDriver::reset(\x1b[01;35m\x1b[K_u32 timeout\x1b[m\x1b[K)\n'}
[37.132717] (rplidar_ros) StderrLine: {'line': b'      |                                   \x1b[01;35m\x1b[K~~~~~^~~~~~~\x1b[m\x1b[K\n'}
[37.138065] (rplidar_ros) StderrLine: {'line': b'\x1b[01m\x1b[K/root/humble_ws/src/rplidar_ros/sdk/src/rplidar_driver.cpp:\x1b[m\x1b[K In member function \xe2\x80\x98\x1b[01m\x1b[Ku_result rp::standalone::rplidar::RPlidarDriver::getScanDataWithInterval(rplidar_response_measurement_node_t*, size_t&)\x1b[m\x1b[K\xe2\x80\x99:\n'}
[37.138752] (rplidar_ros) StderrLine: {'line': b'\x1b[01m\x1b[K/root/humble_ws/src/rplidar_ros/sdk/src/rplidar_driver.cpp:180:91:\x1b[m\x1b[K \x1b[01;35m\x1b[Kwarning: \x1b[m\x1b[Kunused parameter \xe2\x80\x98\x1b[01m\x1b[Knodebuffer\x1b[m\x1b[K\xe2\x80\x99 [\x1b[01;35m\x1b[K-Wunused-parameter\x1b[m\x1b[K]\n'}
[37.139258] (rplidar_ros) StderrLine: {'line': b'  180 |     u_result RPlidarDriver::getScanDataWithInterval(\x1b[01;35m\x1b[Krplidar_response_measurement_node_t * nodebuffer\x1b[m\x1b[K, size_t & count)\n'}
[37.139740] (rplidar_ros) StderrLine: {'line': b'      |                                                     \x1b[01;35m\x1b[K~~~~~~~~~~~~~~~~~~~~~~~~~~~~~~~~~~~~~~^~~~~~~~~~\x1b[m\x1b[K\n'}
[37.140184] (rplidar_ros) StderrLine: {'line': b'\x1b[01m\x1b[K/root/humble_ws/src/rplidar_ros/sdk/src/rplidar_driver.cpp:180:112:\x1b[m\x1b[K \x1b[01;35m\x1b[Kwarning: \x1b[m\x1b[Kunused parameter \xe2\x80\x98\x1b[01m\x1b[Kcount\x1b[m\x1b[K\xe2\x80\x99 [\x1b[01;35m\x1b[K-Wunused-parameter\x1b[m\x1b[K]\n'}
[37.140714] (rplidar_ros) StderrLine: {'line': b'  180 |     u_result RPlidarDriver::getScanDataWithInterval(rplidar_response_measurement_node_t * nodebuffer, \x1b[01;35m\x1b[Ksize_t & count\x1b[m\x1b[K)\n'}
[37.141368] (rplidar_ros) StderrLine: {'line': b'      |                                                                                                       \x1b[01;35m\x1b[K~~~~~~~~~^~~~~\x1b[m\x1b[K\n'}
[37.184663] (-) TimerEvent: {}
[37.287125] (-) TimerEvent: {}
[37.389701] (-) TimerEvent: {}
[37.492171] (-) TimerEvent: {}
[37.530108] (rplidar_ros) StderrLine: {'line': b'In file included from \x1b[01m\x1b[K/root/humble_ws/src/rplidar_ros/sdk/src/sl_async_transceiver.cpp:44\x1b[m\x1b[K:\n'}
[37.531054] (rplidar_ros) StderrLine: {'line': b'\x1b[01m\x1b[K/root/humble_ws/src/rplidar_ros/sdk/src/sl_async_transceiver.h:\x1b[m\x1b[K In member function \xe2\x80\x98\x1b[01m\x1b[Kvirtual void sl::internal::IAsyncProtocolCodec::onChannelError(u_result)\x1b[m\x1b[K\xe2\x80\x99:\n'}
[37.531892] (rplidar_ros) StderrLine: {'line': b'\x1b[01m\x1b[K/root/humble_ws/src/rplidar_ros/sdk/src/sl_async_transceiver.h:90:48:\x1b[m\x1b[K \x1b[01;35m\x1b[Kwarning: \x1b[m\x1b[Kunused parameter \xe2\x80\x98\x1b[01m\x1b[KerrCode\x1b[m\x1b[K\xe2\x80\x99 [\x1b[01;35m\x1b[K-Wunused-parameter\x1b[m\x1b[K]\n'}
[37.532787] (rplidar_ros) StderrLine: {'line': b'   90 |         virtual void   onChannelError(\x1b[01;35m\x1b[Ku_result errCode\x1b[m\x1b[K) {}\n'}
[37.533574] (rplidar_ros) StderrLine: {'line': b'      |                                       \x1b[01;35m\x1b[K~~~~~~~~~^~~~~~~\x1b[m\x1b[K\n'}
[37.592370] (-) TimerEvent: {}
[37.636356] (rplidar_ros) StdoutLine: {'line': b'[ 39%] \x1b[32mBuilding CXX object CMakeFiles/rplidar_composition.dir/sdk/src/sl_crc.cpp.o\x1b[0m\n'}
[37.692601] (-) TimerEvent: {}
[37.715735] (rplidar_ros) StderrLine: {'line': b'In file included from \x1b[01m\x1b[K/root/humble_ws/src/rplidar_ros/sdk/include/sl_lidar_cmd.h:41\x1b[m\x1b[K,\n'}
[37.716334] (rplidar_ros) StderrLine: {'line': b'                 from \x1b[01m\x1b[K/root/humble_ws/src/rplidar_ros/sdk/include/sl_crc.h:36\x1b[m\x1b[K,\n'}
[37.716813] (rplidar_ros) StderrLine: {'line': b'                 from \x1b[01m\x1b[K/root/humble_ws/src/rplidar_ros/sdk/src/sl_crc.cpp:33\x1b[m\x1b[K:\n'}
[37.717217] (rplidar_ros) StderrLine: {'line': b'\x1b[01m\x1b[K/root/humble_ws/src/rplidar_ros/sdk/include/sl_lidar_protocol.h:66:16:\x1b[m\x1b[K \x1b[01;35m\x1b[Kwarning: \x1b[m\x1b[KISO C++ forbids zero-size array \xe2\x80\x98\x1b[01m\x1b[Kdata\x1b[m\x1b[K\xe2\x80\x99 [\x1b[01;35m\x1b[K-Wpedantic\x1b[m\x1b[K]\n'}
[37.717644] (rplidar_ros) StderrLine: {'line': b'   66 |     sl_u8 data[\x1b[01;35m\x1b[K0\x1b[m\x1b[K];\n'}
[37.718047] (rplidar_ros) StderrLine: {'line': b'      |                \x1b[01;35m\x1b[K^\x1b[m\x1b[K\n'}
[37.718721] (rplidar_ros) StderrLine: {'line': b'In file included from \x1b[01m\x1b[K/root/humble_ws/src/rplidar_ros/sdk/include/sl_crc.h:36\x1b[m\x1b[K,\n'}
[37.719197] (rplidar_ros) StderrLine: {'line': b'                 from \x1b[01m\x1b[K/root/humble_ws/src/rplidar_ros/sdk/src/sl_crc.cpp:33\x1b[m\x1b[K:\n'}
[37.719597] (rplidar_ros) StderrLine: {'line': b'\x1b[01m\x1b[K/root/humble_ws/src/rplidar_ros/sdk/include/sl_lidar_cmd.h:324:20:\x1b[m\x1b[K \x1b[01;35m\x1b[Kwarning: \x1b[m\x1b[KISO C++ forbids zero-size array \xe2\x80\x98\x1b[01m\x1b[Kpayload\x1b[m\x1b[K\xe2\x80\x99 [\x1b[01;35m\x1b[K-Wpedantic\x1b[m\x1b[K]\n'}
[37.719998] (rplidar_ros) StderrLine: {'line': b'  324 |     sl_u8  payload[\x1b[01;35m\x1b[K0\x1b[m\x1b[K];\n'}
[37.721225] (rplidar_ros) StderrLine: {'line': b'      |                    \x1b[01;35m\x1b[K^\x1b[m\x1b[K\n'}
[37.784600] (rplidar_ros) StdoutLine: {'line': b'[ 42%] \x1b[32mBuilding CXX object CMakeFiles/rplidar_composition.dir/sdk/src/sl_lidar_driver.cpp.o\x1b[0m\n'}
[37.792742] (-) TimerEvent: {}
[37.894767] (-) TimerEvent: {}
[37.911392] (rplidar_ros) StderrLine: {'line': b'\x1b[01m\x1b[K/root/humble_ws/src/rplidar_ros/sdk/src/arch/linux/net_serial.cpp:\x1b[m\x1b[K In member function \xe2\x80\x98\x1b[01m\x1b[Kbool rp::arch::net::raw_serial::open(const char*, uint32_t, uint32_t)\x1b[m\x1b[K\xe2\x80\x99:\n'}
[37.912252] (rplidar_ros) StderrLine: {'line': b'\x1b[01m\x1b[K/root/humble_ws/src/rplidar_ros/sdk/src/arch/linux/net_serial.cpp:97:74:\x1b[m\x1b[K \x1b[01;35m\x1b[Kwarning: \x1b[m\x1b[Kunused parameter \xe2\x80\x98\x1b[01m\x1b[Kflags\x1b[m\x1b[K\xe2\x80\x99 [\x1b[01;35m\x1b[K-Wunused-parameter\x1b[m\x1b[K]\n'}
[37.913093] (rplidar_ros) StderrLine: {'line': b'   97 | bool raw_serial::open(const char * portname, uint32_t baudrate, \x1b[01;35m\x1b[Kuint32_t flags\x1b[m\x1b[K)\n'}
[37.913814] (rplidar_ros) StderrLine: {'line': b'      |                                                                 \x1b[01;35m\x1b[K~~~~~~~~~^~~~~\x1b[m\x1b[K\n'}
[37.917099] (rplidar_ros) StderrLine: {'line': b'\x1b[01m\x1b[K/root/humble_ws/src/rplidar_ros/sdk/src/arch/linux/net_serial.cpp:\x1b[m\x1b[K In member function \xe2\x80\x98\x1b[01m\x1b[Kvirtual void rp::arch::net::raw_serial::flush(_u32)\x1b[m\x1b[K\xe2\x80\x99:\n'}
[37.918039] (rplidar_ros) StderrLine: {'line': b'\x1b[01m\x1b[K/root/humble_ws/src/rplidar_ros/sdk/src/arch/linux/net_serial.cpp:281:30:\x1b[m\x1b[K \x1b[01;35m\x1b[Kwarning: \x1b[m\x1b[Kunused parameter \xe2\x80\x98\x1b[01m\x1b[Kflags\x1b[m\x1b[K\xe2\x80\x99 [\x1b[01;35m\x1b[K-Wunused-parameter\x1b[m\x1b[K]\n'}
[37.918786] (rplidar_ros) StderrLine: {'line': b'  281 | void raw_serial::flush( \x1b[01;35m\x1b[K_u32 flags\x1b[m\x1b[K)\n'}
[37.919499] (rplidar_ros) StderrLine: {'line': b'      |                         \x1b[01;35m\x1b[K~~~~~^~~~~\x1b[m\x1b[K\n'}
[37.921003] (rplidar_ros) StderrLine: {'line': b'\x1b[01m\x1b[K/root/humble_ws/src/rplidar_ros/sdk/src/arch/linux/net_serial.cpp:\x1b[m\x1b[K In member function \xe2\x80\x98\x1b[01m\x1b[Kvirtual int rp::arch::net::raw_serial::waitforsent(_u32, size_t*)\x1b[m\x1b[K\xe2\x80\x99:\n'}
[37.921857] (rplidar_ros) StderrLine: {'line': b'\x1b[01m\x1b[K/root/humble_ws/src/rplidar_ros/sdk/src/arch/linux/net_serial.cpp:286:34:\x1b[m\x1b[K \x1b[01;35m\x1b[Kwarning: \x1b[m\x1b[Kunused parameter \xe2\x80\x98\x1b[01m\x1b[Ktimeout\x1b[m\x1b[K\xe2\x80\x99 [\x1b[01;35m\x1b[K-Wunused-parameter\x1b[m\x1b[K]\n'}
[37.922616] (rplidar_ros) StderrLine: {'line': b'  286 | int raw_serial::waitforsent(\x1b[01;35m\x1b[K_u32 timeout\x1b[m\x1b[K, size_t * returned_size)\n'}
[37.923436] (rplidar_ros) StderrLine: {'line': b'      |                             \x1b[01;35m\x1b[K~~~~~^~~~~~~\x1b[m\x1b[K\n'}
[37.929832] (rplidar_ros) StderrLine: {'line': b'\x1b[01m\x1b[K/root/humble_ws/src/rplidar_ros/sdk/src/arch/linux/net_serial.cpp:\x1b[m\x1b[K In member function \xe2\x80\x98\x1b[01m\x1b[Kvirtual int rp::arch::net::raw_serial::waitforrecv(_u32, size_t*)\x1b[m\x1b[K\xe2\x80\x99:\n'}
[37.930472] (rplidar_ros) StderrLine: {'line': b'\x1b[01m\x1b[K/root/humble_ws/src/rplidar_ros/sdk/src/arch/linux/net_serial.cpp:292:34:\x1b[m\x1b[K \x1b[01;35m\x1b[Kwarning: \x1b[m\x1b[Kunused parameter \xe2\x80\x98\x1b[01m\x1b[Ktimeout\x1b[m\x1b[K\xe2\x80\x99 [\x1b[01;35m\x1b[K-Wunused-parameter\x1b[m\x1b[K]\n'}
[37.930936] (rplidar_ros) StderrLine: {'line': b'  292 | int raw_serial::waitforrecv(\x1b[01;35m\x1b[K_u32 timeout\x1b[m\x1b[K, size_t * returned_size)\n'}
[37.931342] (rplidar_ros) StderrLine: {'line': b'      |                             \x1b[01;35m\x1b[K~~~~~^~~~~~~\x1b[m\x1b[K\n'}
[37.937004] (rplidar_ros) StderrLine: {'line': b'\x1b[01m\x1b[K/root/humble_ws/src/rplidar_ros/sdk/src/arch/linux/net_serial.cpp:\x1b[m\x1b[K In member function \xe2\x80\x98\x1b[01m\x1b[Kvirtual void rp::arch::net::raw_serial::cancelOperation()\x1b[m\x1b[K\xe2\x80\x99:\n'}
[37.937643] (rplidar_ros) StderrLine: {'line': b'\x1b[01m\x1b[K/root/humble_ws/src/rplidar_ros/sdk/src/arch/linux/net_serial.cpp:427:5:\x1b[m\x1b[K \x1b[01;35m\x1b[Kwarning: \x1b[m\x1b[Kvalue computed is not used [\x1b[01;35m\x1b[K-Wunused-value\x1b[m\x1b[K]\n'}
[37.938087] (rplidar_ros) StderrLine: {'line': b'  427 |     \x1b[01;35m\x1b[K(int)::write(_selfpipe[1], "x", 1)\x1b[m\x1b[K;\n'}
[37.938490] (rplidar_ros) StderrLine: {'line': b'      |     \x1b[01;35m\x1b[K^~~~~~~~~~~~~~~~~~~~~~~~~~~~~~~~~~\x1b[m\x1b[K\n'}
[37.994949] (-) TimerEvent: {}
[38.095662] (-) TimerEvent: {}
[38.196701] (-) TimerEvent: {}
[38.224176] (rplidar_ros) StdoutLine: {'line': b'[ 44%] \x1b[32mBuilding CXX object CMakeFiles/rplidar_composition.dir/sdk/src/sl_lidarprotocol_codec.cpp.o\x1b[0m\n'}
[38.296877] (-) TimerEvent: {}
[38.397603] (-) TimerEvent: {}
[38.419583] (rplidar_ros) StdoutLine: {'line': b'[ 47%] \x1b[32mBuilding CXX object CMakeFiles/rplidar_node.dir/sdk/src/arch/linux/net_socket.cpp.o\x1b[0m\n'}
[38.497788] (-) TimerEvent: {}
[38.598860] (-) TimerEvent: {}
[38.700394] (-) TimerEvent: {}
[38.802126] (-) TimerEvent: {}
[38.903646] (-) TimerEvent: {}
[39.005209] (-) TimerEvent: {}
[39.106748] (-) TimerEvent: {}
[39.208914] (-) TimerEvent: {}
[39.311314] (-) TimerEvent: {}
[39.413813] (-) TimerEvent: {}
[39.519146] (-) TimerEvent: {}
[39.619867] (-) TimerEvent: {}
[39.721760] (-) TimerEvent: {}
[39.736921] (rplidar_ros) StderrLine: {'line': b'In file included from \x1b[01m\x1b[K/root/humble_ws/src/rplidar_ros/sdk/include/rplidar_protocol.h:36\x1b[m\x1b[K,\n'}
[39.737557] (rplidar_ros) StderrLine: {'line': b'                 from \x1b[01m\x1b[K/root/humble_ws/src/rplidar_ros/sdk/include/rplidar.h:39\x1b[m\x1b[K,\n'}
[39.738023] (rplidar_ros) StderrLine: {'line': b'                 from \x1b[01m\x1b[K/root/humble_ws/src/rplidar_ros/sdk/src/sdkcommon.h:49\x1b[m\x1b[K,\n'}
[39.738463] (rplidar_ros) StderrLine: {'line': b'                 from \x1b[01m\x1b[K/root/humble_ws/src/rplidar_ros/sdk/src/sl_lidar_driver.cpp:33\x1b[m\x1b[K:\n'}
[39.738882] (rplidar_ros) StderrLine: {'line': b'\x1b[01m\x1b[K/root/humble_ws/src/rplidar_ros/sdk/include/sl_lidar_protocol.h:66:16:\x1b[m\x1b[K \x1b[01;35m\x1b[Kwarning: \x1b[m\x1b[KISO C++ forbids zero-size array \xe2\x80\x98\x1b[01m\x1b[Kdata\x1b[m\x1b[K\xe2\x80\x99 [\x1b[01;35m\x1b[K-Wpedantic\x1b[m\x1b[K]\n'}
[39.739562] (rplidar_ros) StderrLine: {'line': b'   66 |     sl_u8 data[\x1b[01;35m\x1b[K0\x1b[m\x1b[K];\n'}
[39.740098] (rplidar_ros) StderrLine: {'line': b'      |                \x1b[01;35m\x1b[K^\x1b[m\x1b[K\n'}
[39.740636] (rplidar_ros) StderrLine: {'line': b'In file included from \x1b[01m\x1b[K/root/humble_ws/src/rplidar_ros/sdk/include/rplidar_cmd.h:36\x1b[m\x1b[K,\n'}
[39.741505] (rplidar_ros) StderrLine: {'line': b'                 from \x1b[01m\x1b[K/root/humble_ws/src/rplidar_ros/sdk/include/rplidar.h:40\x1b[m\x1b[K,\n'}
[39.742296] (rplidar_ros) StderrLine: {'line': b'                 from \x1b[01m\x1b[K/root/humble_ws/src/rplidar_ros/sdk/src/sdkcommon.h:49\x1b[m\x1b[K,\n'}
[39.743130] (rplidar_ros) StderrLine: {'line': b'                 from \x1b[01m\x1b[K/root/humble_ws/src/rplidar_ros/sdk/src/sl_lidar_driver.cpp:33\x1b[m\x1b[K:\n'}
[39.743981] (rplidar_ros) StderrLine: {'line': b'\x1b[01m\x1b[K/root/humble_ws/src/rplidar_ros/sdk/include/sl_lidar_cmd.h:324:20:\x1b[m\x1b[K \x1b[01;35m\x1b[Kwarning: \x1b[m\x1b[KISO C++ forbids zero-size array \xe2\x80\x98\x1b[01m\x1b[Kpayload\x1b[m\x1b[K\xe2\x80\x99 [\x1b[01;35m\x1b[K-Wpedantic\x1b[m\x1b[K]\n'}
[39.744873] (rplidar_ros) StderrLine: {'line': b'  324 |     sl_u8  payload[\x1b[01;35m\x1b[K0\x1b[m\x1b[K];\n'}
[39.745705] (rplidar_ros) StderrLine: {'line': b'      |                    \x1b[01;35m\x1b[K^\x1b[m\x1b[K\n'}
[39.821952] (-) TimerEvent: {}
[39.922795] (-) TimerEvent: {}
[40.024721] (-) TimerEvent: {}
[40.126622] (-) TimerEvent: {}
[40.176755] (rplidar_ros) StderrLine: {'line': b'In file included from \x1b[01m\x1b[K/root/humble_ws/src/rplidar_ros/sdk/include/rplidar_protocol.h:36\x1b[m\x1b[K,\n'}
[40.177715] (rplidar_ros) StderrLine: {'line': b'                 from \x1b[01m\x1b[K/root/humble_ws/src/rplidar_ros/sdk/include/rplidar.h:39\x1b[m\x1b[K,\n'}
[40.178579] (rplidar_ros) StderrLine: {'line': b'                 from \x1b[01m\x1b[K/root/humble_ws/src/rplidar_ros/sdk/src/sdkcommon.h:49\x1b[m\x1b[K,\n'}
[40.179395] (rplidar_ros) StderrLine: {'line': b'                 from \x1b[01m\x1b[K/root/humble_ws/src/rplidar_ros/sdk/src/sl_lidarprotocol_codec.cpp:35\x1b[m\x1b[K:\n'}
[40.180210] (rplidar_ros) StderrLine: {'line': b'\x1b[01m\x1b[K/root/humble_ws/src/rplidar_ros/sdk/include/sl_lidar_protocol.h:66:16:\x1b[m\x1b[K \x1b[01;35m\x1b[Kwarning: \x1b[m\x1b[KISO C++ forbids zero-size array \xe2\x80\x98\x1b[01m\x1b[Kdata\x1b[m\x1b[K\xe2\x80\x99 [\x1b[01;35m\x1b[K-Wpedantic\x1b[m\x1b[K]\n'}
[40.181112] (rplidar_ros) StderrLine: {'line': b'   66 |     sl_u8 data[\x1b[01;35m\x1b[K0\x1b[m\x1b[K];\n'}
[40.181917] (rplidar_ros) StderrLine: {'line': b'      |                \x1b[01;35m\x1b[K^\x1b[m\x1b[K\n'}
[40.185055] (rplidar_ros) StderrLine: {'line': b'In file included from \x1b[01m\x1b[K/root/humble_ws/src/rplidar_ros/sdk/include/rplidar_cmd.h:36\x1b[m\x1b[K,\n'}
[40.186174] (rplidar_ros) StderrLine: {'line': b'                 from \x1b[01m\x1b[K/root/humble_ws/src/rplidar_ros/sdk/include/rplidar.h:40\x1b[m\x1b[K,\n'}
[40.187106] (rplidar_ros) StderrLine: {'line': b'                 from \x1b[01m\x1b[K/root/humble_ws/src/rplidar_ros/sdk/src/sdkcommon.h:49\x1b[m\x1b[K,\n'}
[40.187987] (rplidar_ros) StderrLine: {'line': b'                 from \x1b[01m\x1b[K/root/humble_ws/src/rplidar_ros/sdk/src/sl_lidarprotocol_codec.cpp:35\x1b[m\x1b[K:\n'}
[40.188921] (rplidar_ros) StderrLine: {'line': b'\x1b[01m\x1b[K/root/humble_ws/src/rplidar_ros/sdk/include/sl_lidar_cmd.h:324:20:\x1b[m\x1b[K \x1b[01;35m\x1b[Kwarning: \x1b[m\x1b[KISO C++ forbids zero-size array \xe2\x80\x98\x1b[01m\x1b[Kpayload\x1b[m\x1b[K\xe2\x80\x99 [\x1b[01;35m\x1b[K-Wpedantic\x1b[m\x1b[K]\n'}
[40.189760] (rplidar_ros) StderrLine: {'line': b'  324 |     sl_u8  payload[\x1b[01;35m\x1b[K0\x1b[m\x1b[K];\n'}
[40.190610] (rplidar_ros) StderrLine: {'line': b'      |                    \x1b[01;35m\x1b[K^\x1b[m\x1b[K\n'}
[40.226821] (-) TimerEvent: {}
[40.328497] (-) TimerEvent: {}
[40.430283] (-) TimerEvent: {}
[40.451547] (rplidar_ros) StderrLine: {'line': b'In file included from \x1b[01m\x1b[K/root/humble_ws/src/rplidar_ros/sdk/include/rplidar_protocol.h:36\x1b[m\x1b[K,\n'}
[40.452203] (rplidar_ros) StderrLine: {'line': b'                 from \x1b[01m\x1b[K/root/humble_ws/src/rplidar_ros/sdk/include/rplidar.h:39\x1b[m\x1b[K,\n'}
[40.452805] (rplidar_ros) StderrLine: {'line': b'                 from \x1b[01m\x1b[K/root/humble_ws/src/rplidar_ros/sdk/src/sdkcommon.h:49\x1b[m\x1b[K,\n'}
[40.453246] (rplidar_ros) StderrLine: {'line': b'                 from \x1b[01m\x1b[K/root/humble_ws/src/rplidar_ros/sdk/src/arch/linux/net_socket.cpp:10\x1b[m\x1b[K:\n'}
[40.453678] (rplidar_ros) StderrLine: {'line': b'\x1b[01m\x1b[K/root/humble_ws/src/rplidar_ros/sdk/include/sl_lidar_protocol.h:66:16:\x1b[m\x1b[K \x1b[01;35m\x1b[Kwarning: \x1b[m\x1b[KISO C++ forbids zero-size array \xe2\x80\x98\x1b[01m\x1b[Kdata\x1b[m\x1b[K\xe2\x80\x99 [\x1b[01;35m\x1b[K-Wpedantic\x1b[m\x1b[K]\n'}
[40.454080] (rplidar_ros) StderrLine: {'line': b'   66 |     sl_u8 data[\x1b[01;35m\x1b[K0\x1b[m\x1b[K];\n'}
[40.454473] (rplidar_ros) StderrLine: {'line': b'      |                \x1b[01;35m\x1b[K^\x1b[m\x1b[K\n'}
[40.455271] (rplidar_ros) StderrLine: {'line': b'In file included from \x1b[01m\x1b[K/root/humble_ws/src/rplidar_ros/sdk/include/rplidar_cmd.h:36\x1b[m\x1b[K,\n'}
[40.455782] (rplidar_ros) StderrLine: {'line': b'                 from \x1b[01m\x1b[K/root/humble_ws/src/rplidar_ros/sdk/include/rplidar.h:40\x1b[m\x1b[K,\n'}
[40.456216] (rplidar_ros) StderrLine: {'line': b'                 from \x1b[01m\x1b[K/root/humble_ws/src/rplidar_ros/sdk/src/sdkcommon.h:49\x1b[m\x1b[K,\n'}
[40.456802] (rplidar_ros) StderrLine: {'line': b'                 from \x1b[01m\x1b[K/root/humble_ws/src/rplidar_ros/sdk/src/arch/linux/net_socket.cpp:10\x1b[m\x1b[K:\n'}
[40.457321] (rplidar_ros) StderrLine: {'line': b'\x1b[01m\x1b[K/root/humble_ws/src/rplidar_ros/sdk/include/sl_lidar_cmd.h:324:20:\x1b[m\x1b[K \x1b[01;35m\x1b[Kwarning: \x1b[m\x1b[KISO C++ forbids zero-size array \xe2\x80\x98\x1b[01m\x1b[Kpayload\x1b[m\x1b[K\xe2\x80\x99 [\x1b[01;35m\x1b[K-Wpedantic\x1b[m\x1b[K]\n'}
[40.457776] (rplidar_ros) StderrLine: {'line': b'  324 |     sl_u8  payload[\x1b[01;35m\x1b[K0\x1b[m\x1b[K];\n'}
[40.458250] (rplidar_ros) StderrLine: {'line': b'      |                    \x1b[01;35m\x1b[K^\x1b[m\x1b[K\n'}
[40.530485] (-) TimerEvent: {}
[40.632965] (-) TimerEvent: {}
[40.734653] (-) TimerEvent: {}
[40.747432] (rplidar_ros) StderrLine: {'line': b'In file included from \x1b[01m\x1b[K/root/humble_ws/src/rplidar_ros/sdk/src/arch/linux/arch_linux.h:42\x1b[m\x1b[K,\n'}
[40.748425] (rplidar_ros) StderrLine: {'line': b'                 from \x1b[01m\x1b[K/root/humble_ws/src/rplidar_ros/sdk/src/sdkcommon.h:41\x1b[m\x1b[K,\n'}
[40.749336] (rplidar_ros) StderrLine: {'line': b'                 from \x1b[01m\x1b[K/root/humble_ws/src/rplidar_ros/sdk/src/arch/linux/net_socket.cpp:10\x1b[m\x1b[K:\n'}
[40.750138] (rplidar_ros) StderrLine: {'line': b'\x1b[01m\x1b[K/root/humble_ws/src/rplidar_ros/sdk/src/arch/linux/net_socket.cpp:\x1b[m\x1b[K In member function \xe2\x80\x98\x1b[01m\x1b[Kvirtual u_result rp::arch::net::DGramSocketImpl::sendTo(const rp::net::SocketAddress*, const void*, size_t)\x1b[m\x1b[K\xe2\x80\x99:\n'}
[40.750930] (rplidar_ros) StderrLine: {'line': b'\x1b[01m\x1b[K/root/humble_ws/src/rplidar_ros/sdk/src/arch/linux/net_socket.cpp:733:24:\x1b[m\x1b[K \x1b[01;35m\x1b[Kwarning: \x1b[m\x1b[Kcomparison of integer expressions of different signedness: \xe2\x80\x98\x1b[01m\x1b[Kint\x1b[m\x1b[K\xe2\x80\x99 and \xe2\x80\x98\x1b[01m\x1b[Ksize_t\x1b[m\x1b[K\xe2\x80\x99 {aka \xe2\x80\x98\x1b[01m\x1b[Klong unsigned int\x1b[m\x1b[K\xe2\x80\x99} [\x1b[01;35m\x1b[K-Wsign-compare\x1b[m\x1b[K]\n'}
[40.751663] (rplidar_ros) StderrLine: {'line': b'  733 |             assert(\x1b[01;35m\x1b[Kans == len\x1b[m\x1b[K);\n'}
[40.752353] (rplidar_ros) StderrLine: {'line': b'      |                    \x1b[01;35m\x1b[K~~~~^~~~~~\x1b[m\x1b[K\n'}
[40.809578] (rplidar_ros) StderrLine: {'line': b'In file included from \x1b[01m\x1b[K/root/humble_ws/src/rplidar_ros/sdk/src/sl_lidar_driver.cpp:50\x1b[m\x1b[K:\n'}
[40.810568] (rplidar_ros) StderrLine: {'line': b'\x1b[01m\x1b[K/root/humble_ws/src/rplidar_ros/sdk/src/dataunpacker/dataunpacker.h:\x1b[m\x1b[K In member function \xe2\x80\x98\x1b[01m\x1b[Kvirtual void sl::internal::LIDARSampleDataListener::onCustomSampleDataDecoded(_u8, _u32, const void*, size_t)\x1b[m\x1b[K\xe2\x80\x99:\n'}
[40.811404] (rplidar_ros) StderrLine: {'line': b'\x1b[01m\x1b[K/root/humble_ws/src/rplidar_ros/sdk/src/dataunpacker/dataunpacker.h:54:52:\x1b[m\x1b[K \x1b[01;35m\x1b[Kwarning: \x1b[m\x1b[Kunused parameter \xe2\x80\x98\x1b[01m\x1b[KansType\x1b[m\x1b[K\xe2\x80\x99 [\x1b[01;35m\x1b[K-Wunused-parameter\x1b[m\x1b[K]\n'}
[40.812221] (rplidar_ros) StderrLine: {'line': b'   54 |         virtual void onCustomSampleDataDecoded(\x1b[01;35m\x1b[K_u8 ansType\x1b[m\x1b[K, _u32 customCode, const void* data, size_t size) {}\n'}
[40.813106] (rplidar_ros) StderrLine: {'line': b'      |                                                \x1b[01;35m\x1b[K~~~~^~~~~~~\x1b[m\x1b[K\n'}
[40.813971] (rplidar_ros) StderrLine: {'line': b'\x1b[01m\x1b[K/root/humble_ws/src/rplidar_ros/sdk/src/dataunpacker/dataunpacker.h:54:66:\x1b[m\x1b[K \x1b[01;35m\x1b[Kwarning: \x1b[m\x1b[Kunused parameter \xe2\x80\x98\x1b[01m\x1b[KcustomCode\x1b[m\x1b[K\xe2\x80\x99 [\x1b[01;35m\x1b[K-Wunused-parameter\x1b[m\x1b[K]\n'}
[40.814836] (rplidar_ros) StderrLine: {'line': b'   54 |         virtual void onCustomSampleDataDecoded(_u8 ansType, \x1b[01;35m\x1b[K_u32 customCode\x1b[m\x1b[K, const void* data, size_t size) {}\n'}
[40.815655] (rplidar_ros) StderrLine: {'line': b'      |                                                             \x1b[01;35m\x1b[K~~~~~^~~~~~~~~~\x1b[m\x1b[K\n'}
[40.816622] (rplidar_ros) StderrLine: {'line': b'\x1b[01m\x1b[K/root/humble_ws/src/rplidar_ros/sdk/src/dataunpacker/dataunpacker.h:54:90:\x1b[m\x1b[K \x1b[01;35m\x1b[Kwarning: \x1b[m\x1b[Kunused parameter \xe2\x80\x98\x1b[01m\x1b[Kdata\x1b[m\x1b[K\xe2\x80\x99 [\x1b[01;35m\x1b[K-Wunused-parameter\x1b[m\x1b[K]\n'}
[40.817434] (rplidar_ros) StderrLine: {'line': b'   54 |         virtual void onCustomSampleDataDecoded(_u8 ansType, _u32 customCode, \x1b[01;35m\x1b[Kconst void* data\x1b[m\x1b[K, size_t size) {}\n'}
[40.818166] (rplidar_ros) StderrLine: {'line': b'      |                                                                              \x1b[01;35m\x1b[K~~~~~~~~~~~~^~~~\x1b[m\x1b[K\n'}
[40.818970] (rplidar_ros) StderrLine: {'line': b'\x1b[01m\x1b[K/root/humble_ws/src/rplidar_ros/sdk/src/dataunpacker/dataunpacker.h:54:103:\x1b[m\x1b[K \x1b[01;35m\x1b[Kwarning: \x1b[m\x1b[Kunused parameter \xe2\x80\x98\x1b[01m\x1b[Ksize\x1b[m\x1b[K\xe2\x80\x99 [\x1b[01;35m\x1b[K-Wunused-parameter\x1b[m\x1b[K]\n'}
[40.819735] (rplidar_ros) StderrLine: {'line': b'   54 |         virtual void onCustomSampleDataDecoded(_u8 ansType, _u32 customCode, const void* data, \x1b[01;35m\x1b[Ksize_t size\x1b[m\x1b[K) {}\n'}
[40.820466] (rplidar_ros) StderrLine: {'line': b'      |                                                                                                \x1b[01;35m\x1b[K~~~~~~~^~~~\x1b[m\x1b[K\n'}
[40.821525] (rplidar_ros) StderrLine: {'line': b'\x1b[01m\x1b[K/root/humble_ws/src/rplidar_ros/sdk/src/dataunpacker/dataunpacker.h:\x1b[m\x1b[K In member function \xe2\x80\x98\x1b[01m\x1b[Kvirtual void sl::internal::LIDARSampleDataListener::onDecodingError(int, _u8, const void*, size_t)\x1b[m\x1b[K\xe2\x80\x99:\n'}
[40.822382] (rplidar_ros) StderrLine: {'line': b'\x1b[01m\x1b[K/root/humble_ws/src/rplidar_ros/sdk/src/dataunpacker/dataunpacker.h:56:42:\x1b[m\x1b[K \x1b[01;35m\x1b[Kwarning: \x1b[m\x1b[Kunused parameter \xe2\x80\x98\x1b[01m\x1b[KerrMsg\x1b[m\x1b[K\xe2\x80\x99 [\x1b[01;35m\x1b[K-Wunused-parameter\x1b[m\x1b[K]\n'}
[40.823173] (rplidar_ros) StderrLine: {'line': b'   56 |         virtual void onDecodingError(\x1b[01;35m\x1b[Kint errMsg\x1b[m\x1b[K, _u8 ansType, const void* payload, size_t size) {}\n'}
[40.825121] (rplidar_ros) StderrLine: {'line': b'      |                                      \x1b[01;35m\x1b[K~~~~^~~~~~\x1b[m\x1b[K\n'}
[40.825688] (rplidar_ros) StderrLine: {'line': b'\x1b[01m\x1b[K/root/humble_ws/src/rplidar_ros/sdk/src/dataunpacker/dataunpacker.h:56:54:\x1b[m\x1b[K \x1b[01;35m\x1b[Kwarning: \x1b[m\x1b[Kunused parameter \xe2\x80\x98\x1b[01m\x1b[KansType\x1b[m\x1b[K\xe2\x80\x99 [\x1b[01;35m\x1b[K-Wunused-parameter\x1b[m\x1b[K]\n'}
[40.826148] (rplidar_ros) StderrLine: {'line': b'   56 |         virtual void onDecodingError(int errMsg, \x1b[01;35m\x1b[K_u8 ansType\x1b[m\x1b[K, const void* payload, size_t size) {}\n'}
[40.826580] (rplidar_ros) StderrLine: {'line': b'      |                                                  \x1b[01;35m\x1b[K~~~~^~~~~~~\x1b[m\x1b[K\n'}
[40.826988] (rplidar_ros) StderrLine: {'line': b'\x1b[01m\x1b[K/root/humble_ws/src/rplidar_ros/sdk/src/dataunpacker/dataunpacker.h:56:75:\x1b[m\x1b[K \x1b[01;35m\x1b[Kwarning: \x1b[m\x1b[Kunused parameter \xe2\x80\x98\x1b[01m\x1b[Kpayload\x1b[m\x1b[K\xe2\x80\x99 [\x1b[01;35m\x1b[K-Wunused-parameter\x1b[m\x1b[K]\n'}
[40.827389] (rplidar_ros) StderrLine: {'line': b'   56 |         virtual void onDecodingError(int errMsg, _u8 ansType, \x1b[01;35m\x1b[Kconst void* payload\x1b[m\x1b[K, size_t size) {}\n'}
[40.827811] (rplidar_ros) StderrLine: {'line': b'      |                                                               \x1b[01;35m\x1b[K~~~~~~~~~~~~^~~~~~~\x1b[m\x1b[K\n'}
[40.828226] (rplidar_ros) StderrLine: {'line': b'\x1b[01m\x1b[K/root/humble_ws/src/rplidar_ros/sdk/src/dataunpacker/dataunpacker.h:56:91:\x1b[m\x1b[K \x1b[01;35m\x1b[Kwarning: \x1b[m\x1b[Kunused parameter \xe2\x80\x98\x1b[01m\x1b[Ksize\x1b[m\x1b[K\xe2\x80\x99 [\x1b[01;35m\x1b[K-Wunused-parameter\x1b[m\x1b[K]\n'}
[40.834295] (rplidar_ros) StderrLine: {'line': b'   56 |         virtual void onDecodingError(int errMsg, _u8 ansType, const void* payload, \x1b[01;35m\x1b[Ksize_t size\x1b[m\x1b[K) {}\n'}
[40.834832] (-) TimerEvent: {}
[40.836823] (rplidar_ros) StderrLine: {'line': b'      |                                                                                    \x1b[01;35m\x1b[K~~~~~~~^~~~\x1b[m\x1b[K\n'}
[40.875648] (rplidar_ros) StderrLine: {'line': b'In file included from \x1b[01m\x1b[K/root/humble_ws/src/rplidar_ros/sdk/src/sl_lidar_driver.cpp:51\x1b[m\x1b[K:\n'}
[40.876283] (rplidar_ros) StderrLine: {'line': b'\x1b[01m\x1b[K/root/humble_ws/src/rplidar_ros/sdk/src/sl_async_transceiver.h:\x1b[m\x1b[K In member function \xe2\x80\x98\x1b[01m\x1b[Kvirtual void sl::internal::IAsyncProtocolCodec::onChannelError(u_result)\x1b[m\x1b[K\xe2\x80\x99:\n'}
[40.876822] (rplidar_ros) StderrLine: {'line': b'\x1b[01m\x1b[K/root/humble_ws/src/rplidar_ros/sdk/src/sl_async_transceiver.h:90:48:\x1b[m\x1b[K \x1b[01;35m\x1b[Kwarning: \x1b[m\x1b[Kunused parameter \xe2\x80\x98\x1b[01m\x1b[KerrCode\x1b[m\x1b[K\xe2\x80\x99 [\x1b[01;35m\x1b[K-Wunused-parameter\x1b[m\x1b[K]\n'}
[40.877303] (rplidar_ros) StderrLine: {'line': b'   90 |         virtual void   onChannelError(\x1b[01;35m\x1b[Ku_result errCode\x1b[m\x1b[K) {}\n'}
[40.877800] (rplidar_ros) StderrLine: {'line': b'      |                                       \x1b[01;35m\x1b[K~~~~~~~~~^~~~~~~\x1b[m\x1b[K\n'}
[40.935043] (-) TimerEvent: {}
[40.987914] (rplidar_ros) StderrLine: {'line': b'\x1b[01m\x1b[K/root/humble_ws/src/rplidar_ros/sdk/src/sl_lidar_driver.cpp:\x1b[m\x1b[K In member function \xe2\x80\x98\x1b[01m\x1b[Kvirtual sl_result sl::SlamtecLidarDriver::reset(sl_u32)\x1b[m\x1b[K\xe2\x80\x99:\n'}
[40.988902] (rplidar_ros) StderrLine: {'line': b'\x1b[01m\x1b[K/root/humble_ws/src/rplidar_ros/sdk/src/sl_lidar_driver.cpp:511:32:\x1b[m\x1b[K \x1b[01;35m\x1b[Kwarning: \x1b[m\x1b[Kunused parameter \xe2\x80\x98\x1b[01m\x1b[KtimeoutInMs\x1b[m\x1b[K\xe2\x80\x99 [\x1b[01;35m\x1b[K-Wunused-parameter\x1b[m\x1b[K]\n'}
[40.989841] (rplidar_ros) StderrLine: {'line': b'  511 |         sl_result reset(\x1b[01;35m\x1b[Ksl_u32 timeoutInMs = DEFAULT_TIMEOUT\x1b[m\x1b[K)\n'}
[40.990663] (rplidar_ros) StderrLine: {'line': b'      |                         \x1b[01;35m\x1b[K~~~~~~~^~~~~~~~~~~~~~~~~~~~~~~~~~~~~\x1b[m\x1b[K\n'}
[41.009313] (rplidar_ros) StderrLine: {'line': b'\x1b[01m\x1b[K/root/humble_ws/src/rplidar_ros/sdk/src/sl_lidar_driver.cpp:\x1b[m\x1b[K In member function \xe2\x80\x98\x1b[01m\x1b[Kvirtual sl_result sl::SlamtecLidarDriver::startScan(bool, bool, sl_u32, sl::LidarScanMode*)\x1b[m\x1b[K\xe2\x80\x99:\n'}
[41.010300] (rplidar_ros) StderrLine: {'line': b'\x1b[01m\x1b[K/root/humble_ws/src/rplidar_ros/sdk/src/sl_lidar_driver.cpp:586:69:\x1b[m\x1b[K \x1b[01;35m\x1b[Kwarning: \x1b[m\x1b[Kunused parameter \xe2\x80\x98\x1b[01m\x1b[Koptions\x1b[m\x1b[K\xe2\x80\x99 [\x1b[01;35m\x1b[K-Wunused-parameter\x1b[m\x1b[K]\n'}
[41.011188] (rplidar_ros) StderrLine: {'line': b'  586 |         sl_result startScan(bool force, bool useTypicalScan, \x1b[01;35m\x1b[Ksl_u32 options = 0\x1b[m\x1b[K, LidarScanMode* outUsedScanMode = nullptr)\n'}
[41.012004] (rplidar_ros) StderrLine: {'line': b'      |                                                              \x1b[01;35m\x1b[K~~~~~~~^~~~~~~~~~~\x1b[m\x1b[K\n'}
[41.022668] (rplidar_ros) StderrLine: {'line': b'\x1b[01m\x1b[K/root/humble_ws/src/rplidar_ros/sdk/src/sl_lidar_driver.cpp:\x1b[m\x1b[K In member function \xe2\x80\x98\x1b[01m\x1b[Kvirtual sl_result sl::SlamtecLidarDriver::stop(sl_u32)\x1b[m\x1b[K\xe2\x80\x99:\n'}
[41.023622] (rplidar_ros) StderrLine: {'line': b'\x1b[01m\x1b[K/root/humble_ws/src/rplidar_ros/sdk/src/sl_lidar_driver.cpp:763:31:\x1b[m\x1b[K \x1b[01;35m\x1b[Kwarning: \x1b[m\x1b[Kunused parameter \xe2\x80\x98\x1b[01m\x1b[Ktimeout\x1b[m\x1b[K\xe2\x80\x99 [\x1b[01;35m\x1b[K-Wunused-parameter\x1b[m\x1b[K]\n'}
[41.024421] (rplidar_ros) StderrLine: {'line': b'  763 |         sl_result stop(\x1b[01;35m\x1b[Ksl_u32 timeout = DEFAULT_TIMEOUT\x1b[m\x1b[K)\n'}
[41.025284] (rplidar_ros) StderrLine: {'line': b'      |                        \x1b[01;35m\x1b[K~~~~~~~^~~~~~~~~~~~~~~~~~~~~~~~~\x1b[m\x1b[K\n'}
[41.034114] (rplidar_ros) StderrLine: {'line': b'\x1b[01m\x1b[K/root/humble_ws/src/rplidar_ros/sdk/src/sl_lidar_driver.cpp:\x1b[m\x1b[K In member function \xe2\x80\x98\x1b[01m\x1b[Kvirtual sl_result sl::SlamtecLidarDriver::getFrequency(const sl::LidarScanMode&, const sl_lidar_response_measurement_node_hq_t*, size_t, float&)\x1b[m\x1b[K\xe2\x80\x99:\n'}
[41.034743] (rplidar_ros) StderrLine: {'line': b'\x1b[01m\x1b[K/root/humble_ws/src/rplidar_ros/sdk/src/sl_lidar_driver.cpp:880:110:\x1b[m\x1b[K \x1b[01;35m\x1b[Kwarning: \x1b[m\x1b[Kunused parameter \xe2\x80\x98\x1b[01m\x1b[Knodes\x1b[m\x1b[K\xe2\x80\x99 [\x1b[01;35m\x1b[K-Wunused-parameter\x1b[m\x1b[K]\n'}
[41.035185] (-) TimerEvent: {}
[41.037363] (rplidar_ros) StderrLine: {'line': b'  880 |         sl_result getFrequency(const LidarScanMode& scanMode, \x1b[01;35m\x1b[Kconst sl_lidar_response_measurement_node_hq_t* nodes\x1b[m\x1b[K, size_t count, float& frequency)\n'}
[41.037967] (rplidar_ros) StderrLine: {'line': b'      |                                                               \x1b[01;35m\x1b[K~~~~~~~~~~~~~~~~~~~~~~~~~~~~~~~~~~~~~~~~~~~~~~~^~~~~\x1b[m\x1b[K\n'}
[41.047863] (rplidar_ros) StderrLine: {'line': b'\x1b[01m\x1b[K/root/humble_ws/src/rplidar_ros/sdk/src/sl_lidar_driver.cpp:\x1b[m\x1b[K In member function \xe2\x80\x98\x1b[01m\x1b[Kvirtual sl_result sl::SlamtecLidarDriver::getMotorInfo(sl::LidarMotorInfo&, sl_u32)\x1b[m\x1b[K\xe2\x80\x99:\n'}
[41.048834] (rplidar_ros) StderrLine: {'line': b'\x1b[01m\x1b[K/root/humble_ws/src/rplidar_ros/sdk/src/sl_lidar_driver.cpp:1023:66:\x1b[m\x1b[K \x1b[01;35m\x1b[Kwarning: \x1b[m\x1b[Kunused parameter \xe2\x80\x98\x1b[01m\x1b[KtimeoutInMs\x1b[m\x1b[K\xe2\x80\x99 [\x1b[01;35m\x1b[K-Wunused-parameter\x1b[m\x1b[K]\n'}
[41.049686] (rplidar_ros) StderrLine: {'line': b' 1023 |         sl_result getMotorInfo(LidarMotorInfo &motorInfo, \x1b[01;35m\x1b[Ksl_u32 timeoutInMs\x1b[m\x1b[K)\n'}
[41.050545] (rplidar_ros) StderrLine: {'line': b'      |                                                           \x1b[01;35m\x1b[K~~~~~~~^~~~~~~~~~~\x1b[m\x1b[K\n'}
[41.057628] (rplidar_ros) StderrLine: {'line': b'\x1b[01m\x1b[K/root/humble_ws/src/rplidar_ros/sdk/src/sl_lidar_driver.cpp:\x1b[m\x1b[K In member function \xe2\x80\x98\x1b[01m\x1b[Ku_result sl::SlamtecLidarDriver::getScanModeCount(sl_u16&, sl_u32)\x1b[m\x1b[K\xe2\x80\x99:\n'}
[41.058548] (rplidar_ros) StderrLine: {'line': b'\x1b[01m\x1b[K/root/humble_ws/src/rplidar_ros/sdk/src/sl_lidar_driver.cpp:1199:61:\x1b[m\x1b[K \x1b[01;35m\x1b[Kwarning: \x1b[m\x1b[Kunused parameter \xe2\x80\x98\x1b[01m\x1b[KtimeoutInMs\x1b[m\x1b[K\xe2\x80\x99 [\x1b[01;35m\x1b[K-Wunused-parameter\x1b[m\x1b[K]\n'}
[41.059356] (rplidar_ros) StderrLine: {'line': b' 1199 |         u_result getScanModeCount(sl_u16& modeCount, \x1b[01;35m\x1b[Ksl_u32 timeoutInMs = DEFAULT_TIMEOUT\x1b[m\x1b[K)\n'}
[41.060123] (rplidar_ros) StderrLine: {'line': b'      |                                                      \x1b[01;35m\x1b[K~~~~~~~^~~~~~~~~~~~~~~~~~~~~~~~~~~~~\x1b[m\x1b[K\n'}
[41.135407] (-) TimerEvent: {}
[41.182550] (rplidar_ros) StderrLine: {'line': b'In file included from \x1b[01m\x1b[K/root/humble_ws/src/rplidar_ros/sdk/src/sl_lidarprotocol_codec.cpp:49\x1b[m\x1b[K:\n'}
[41.183491] (rplidar_ros) StderrLine: {'line': b'\x1b[01m\x1b[K/root/humble_ws/src/rplidar_ros/sdk/src/sl_async_transceiver.h:\x1b[m\x1b[K In member function \xe2\x80\x98\x1b[01m\x1b[Kvirtual void sl::internal::IAsyncProtocolCodec::onChannelError(u_result)\x1b[m\x1b[K\xe2\x80\x99:\n'}
[41.184338] (rplidar_ros) StderrLine: {'line': b'\x1b[01m\x1b[K/root/humble_ws/src/rplidar_ros/sdk/src/sl_async_transceiver.h:90:48:\x1b[m\x1b[K \x1b[01;35m\x1b[Kwarning: \x1b[m\x1b[Kunused parameter \xe2\x80\x98\x1b[01m\x1b[KerrCode\x1b[m\x1b[K\xe2\x80\x99 [\x1b[01;35m\x1b[K-Wunused-parameter\x1b[m\x1b[K]\n'}
[41.185397] (rplidar_ros) StderrLine: {'line': b'   90 |         virtual void   onChannelError(\x1b[01;35m\x1b[Ku_result errCode\x1b[m\x1b[K) {}\n'}
[41.186251] (rplidar_ros) StderrLine: {'line': b'      |                                       \x1b[01;35m\x1b[K~~~~~~~~~^~~~~~~\x1b[m\x1b[K\n'}
[41.235600] (-) TimerEvent: {}
[41.267474] (rplidar_ros) StderrLine: {'line': b'/root/humble_ws/src/rplidar_ros/sdk/src/sl_lidar_driver.cpp: In instantiation of \xe2\x80\x98\x1b[01m\x1b[Kvoid sl::RawSampleNodeHolder<T>::pushNode(_u64, const T*) [with T = sl_lidar_response_measurement_node_hq_t; _u64 = long unsigned int]\x1b[m\x1b[K\xe2\x80\x99:\n'}
[41.268470] (rplidar_ros) StderrLine: {'line': b'\x1b[01m\x1b[K/root/humble_ws/src/rplidar_ros/sdk/src/sl_lidar_driver.cpp:1648:42:\x1b[m\x1b[K   required from here\n'}
[41.269400] (rplidar_ros) StderrLine: {'line': b'\x1b[01m\x1b[K/root/humble_ws/src/rplidar_ros/sdk/src/sl_lidar_driver.cpp:202:28:\x1b[m\x1b[K \x1b[01;35m\x1b[Kwarning: \x1b[m\x1b[Kunused parameter \xe2\x80\x98\x1b[01m\x1b[Ktimestamp_uS\x1b[m\x1b[K\xe2\x80\x99 [\x1b[01;35m\x1b[K-Wunused-parameter\x1b[m\x1b[K]\n'}
[41.270250] (rplidar_ros) StderrLine: {'line': b'  202 |         void pushNode(\x1b[01;35m\x1b[K_u64 timestamp_uS\x1b[m\x1b[K, const T* node)\n'}
[41.271160] (rplidar_ros) StderrLine: {'line': b'      |                       \x1b[01;35m\x1b[K~~~~~^~~~~~~~~~~~\x1b[m\x1b[K\n'}
[41.335803] (-) TimerEvent: {}
[41.438139] (-) TimerEvent: {}
[41.540340] (-) TimerEvent: {}
[41.548963] (rplidar_ros) StdoutLine: {'line': b'[ 50%] \x1b[32mBuilding CXX object CMakeFiles/rplidar_node.dir/sdk/src/arch/linux/timer.cpp.o\x1b[0m\n'}
[41.640564] (-) TimerEvent: {}
[41.699303] (rplidar_ros) StdoutLine: {'line': b'[ 52%] \x1b[32mBuilding CXX object CMakeFiles/rplidar_composition.dir/sdk/src/sl_serial_channel.cpp.o\x1b[0m\n'}
[41.740714] (-) TimerEvent: {}
[41.829266] (rplidar_ros) StderrLine: {'line': b'\x1b[01m\x1b[K/root/humble_ws/src/rplidar_ros/sdk/src/sl_lidar_driver.cpp:\x1b[m\x1b[K At global scope:\n'}
[41.830143] (rplidar_ros) StderrLine: {'line': b'\x1b[01m\x1b[K/root/humble_ws/src/rplidar_ros/sdk/src/sl_lidar_driver.cpp:83:17:\x1b[m\x1b[K \x1b[01;35m\x1b[Kwarning: \x1b[m\x1b[K\xe2\x80\x98\x1b[01m\x1b[Kvoid sl::convert(const sl_lidar_response_measurement_node_hq_t&, sl_lidar_response_measurement_node_t&)\x1b[m\x1b[K\xe2\x80\x99 defined but not used [\x1b[01;35m\x1b[K-Wunused-function\x1b[m\x1b[K]\n'}
[41.830825] (rplidar_ros) StderrLine: {'line': b'   83 |     static void \x1b[01;35m\x1b[Kconvert\x1b[m\x1b[K(const sl_lidar_response_measurement_node_hq_t& from, sl_lidar_response_measurement_node_t& to)\n'}
[41.831495] (rplidar_ros) StderrLine: {'line': b'      |                 \x1b[01;35m\x1b[K^~~~~~~\x1b[m\x1b[K\n'}
[41.832266] (rplidar_ros) StderrLine: {'line': b'\x1b[01m\x1b[K/root/humble_ws/src/rplidar_ros/sdk/src/sl_lidar_driver.cpp:75:17:\x1b[m\x1b[K \x1b[01;35m\x1b[Kwarning: \x1b[m\x1b[K\xe2\x80\x98\x1b[01m\x1b[Kvoid sl::convert(const sl_lidar_response_measurement_node_t&, sl_lidar_response_measurement_node_hq_t&)\x1b[m\x1b[K\xe2\x80\x99 defined but not used [\x1b[01;35m\x1b[K-Wunused-function\x1b[m\x1b[K]\n'}
[41.833041] (rplidar_ros) StderrLine: {'line': b'   75 |     static void \x1b[01;35m\x1b[Kconvert\x1b[m\x1b[K(const sl_lidar_response_measurement_node_t& from, sl_lidar_response_measurement_node_hq_t& to)\n'}
[41.833667] (rplidar_ros) StderrLine: {'line': b'      |                 \x1b[01;35m\x1b[K^~~~~~~\x1b[m\x1b[K\n'}
[41.834377] (rplidar_ros) StderrLine: {'line': b'\x1b[01m\x1b[K/root/humble_ws/src/rplidar_ros/sdk/src/sl_lidar_driver.cpp:70:17:\x1b[m\x1b[K \x1b[01;35m\x1b[Kwarning: \x1b[m\x1b[K\xe2\x80\x98\x1b[01m\x1b[Kvoid sl::printDeprecationWarn(const char*, const char*)\x1b[m\x1b[K\xe2\x80\x99 defined but not used [\x1b[01;35m\x1b[K-Wunused-function\x1b[m\x1b[K]\n'}
[41.835055] (rplidar_ros) StderrLine: {'line': b'   70 |     static void \x1b[01;35m\x1b[KprintDeprecationWarn\x1b[m\x1b[K(const char* fn, const char* replacement)\n'}
[41.835721] (rplidar_ros) StderrLine: {'line': b'      |                 \x1b[01;35m\x1b[K^~~~~~~~~~~~~~~~~~~~\x1b[m\x1b[K\n'}
[41.840885] (-) TimerEvent: {}
[41.943177] (-) TimerEvent: {}
[42.045544] (-) TimerEvent: {}
[42.147882] (-) TimerEvent: {}
[42.250351] (-) TimerEvent: {}
[42.351259] (-) TimerEvent: {}
[42.453650] (-) TimerEvent: {}
[42.555345] (-) TimerEvent: {}
[42.657804] (-) TimerEvent: {}
[42.760161] (-) TimerEvent: {}
[42.862872] (-) TimerEvent: {}
[42.924325] (rplidar_ros) StderrLine: {'line': b'In file included from \x1b[01m\x1b[K/root/humble_ws/src/rplidar_ros/sdk/include/sl_lidar_cmd.h:41\x1b[m\x1b[K,\n'}
[42.925616] (rplidar_ros) StderrLine: {'line': b'                 from \x1b[01m\x1b[K/root/humble_ws/src/rplidar_ros/sdk/include/sl_lidar_driver.h:54\x1b[m\x1b[K,\n'}
[42.926527] (rplidar_ros) StderrLine: {'line': b'                 from \x1b[01m\x1b[K/root/humble_ws/src/rplidar_ros/sdk/src/sl_serial_channel.cpp:33\x1b[m\x1b[K:\n'}
[42.927367] (rplidar_ros) StderrLine: {'line': b'\x1b[01m\x1b[K/root/humble_ws/src/rplidar_ros/sdk/include/sl_lidar_protocol.h:66:16:\x1b[m\x1b[K \x1b[01;35m\x1b[Kwarning: \x1b[m\x1b[KISO C++ forbids zero-size array \xe2\x80\x98\x1b[01m\x1b[Kdata\x1b[m\x1b[K\xe2\x80\x99 [\x1b[01;35m\x1b[K-Wpedantic\x1b[m\x1b[K]\n'}
[42.928225] (rplidar_ros) StderrLine: {'line': b'   66 |     sl_u8 data[\x1b[01;35m\x1b[K0\x1b[m\x1b[K];\n'}
[42.929173] (rplidar_ros) StderrLine: {'line': b'      |                \x1b[01;35m\x1b[K^\x1b[m\x1b[K\n'}
[42.932391] (rplidar_ros) StderrLine: {'line': b'In file included from \x1b[01m\x1b[K/root/humble_ws/src/rplidar_ros/sdk/include/sl_lidar_driver.h:54\x1b[m\x1b[K,\n'}
[42.933355] (rplidar_ros) StderrLine: {'line': b'                 from \x1b[01m\x1b[K/root/humble_ws/src/rplidar_ros/sdk/src/sl_serial_channel.cpp:33\x1b[m\x1b[K:\n'}
[42.934259] (rplidar_ros) StderrLine: {'line': b'\x1b[01m\x1b[K/root/humble_ws/src/rplidar_ros/sdk/include/sl_lidar_cmd.h:324:20:\x1b[m\x1b[K \x1b[01;35m\x1b[Kwarning: \x1b[m\x1b[KISO C++ forbids zero-size array \xe2\x80\x98\x1b[01m\x1b[Kpayload\x1b[m\x1b[K\xe2\x80\x99 [\x1b[01;35m\x1b[K-Wpedantic\x1b[m\x1b[K]\n'}
[42.935102] (rplidar_ros) StderrLine: {'line': b'  324 |     sl_u8  payload[\x1b[01;35m\x1b[K0\x1b[m\x1b[K];\n'}
[42.935922] (rplidar_ros) StderrLine: {'line': b'      |                    \x1b[01;35m\x1b[K^\x1b[m\x1b[K\n'}
[42.963072] (-) TimerEvent: {}
[43.063805] (-) TimerEvent: {}
[43.165220] (-) TimerEvent: {}
[43.219904] (rplidar_ros) StdoutLine: {'line': b'[ 55%] \x1b[32mBuilding CXX object CMakeFiles/rplidar_composition.dir/sdk/src/sl_tcp_channel.cpp.o\x1b[0m\n'}
[43.265451] (-) TimerEvent: {}
[43.367312] (-) TimerEvent: {}
[43.469074] (-) TimerEvent: {}
[43.570411] (rplidar_ros) StdoutLine: {'line': b'[ 57%] \x1b[32mBuilding CXX object CMakeFiles/rplidar_composition.dir/sdk/src/sl_udp_channel.cpp.o\x1b[0m\n'}
[43.570988] (-) TimerEvent: {}
[43.615184] (rplidar_ros) StdoutLine: {'line': b'[ 60%] \x1b[32mBuilding CXX object CMakeFiles/rplidar_node.dir/sdk/src/dataunpacker/dataunpacker.cpp.o\x1b[0m\n'}
[43.671206] (-) TimerEvent: {}
[43.773205] (-) TimerEvent: {}
[43.874727] (-) TimerEvent: {}
[43.976968] (-) TimerEvent: {}
[44.078532] (-) TimerEvent: {}
[44.180452] (-) TimerEvent: {}
[44.282416] (-) TimerEvent: {}
[44.384653] (-) TimerEvent: {}
[44.452017] (rplidar_ros) StderrLine: {'line': b'In file included from \x1b[01m\x1b[K/root/humble_ws/src/rplidar_ros/sdk/include/sl_lidar_cmd.h:41\x1b[m\x1b[K,\n'}
[44.453007] (rplidar_ros) StderrLine: {'line': b'                 from \x1b[01m\x1b[K/root/humble_ws/src/rplidar_ros/sdk/include/sl_lidar_driver.h:54\x1b[m\x1b[K,\n'}
[44.454307] (rplidar_ros) StderrLine: {'line': b'                 from \x1b[01m\x1b[K/root/humble_ws/src/rplidar_ros/sdk/src/sl_tcp_channel.cpp:33\x1b[m\x1b[K:\n'}
[44.455175] (rplidar_ros) StderrLine: {'line': b'\x1b[01m\x1b[K/root/humble_ws/src/rplidar_ros/sdk/include/sl_lidar_protocol.h:66:16:\x1b[m\x1b[K \x1b[01;35m\x1b[Kwarning: \x1b[m\x1b[KISO C++ forbids zero-size array \xe2\x80\x98\x1b[01m\x1b[Kdata\x1b[m\x1b[K\xe2\x80\x99 [\x1b[01;35m\x1b[K-Wpedantic\x1b[m\x1b[K]\n'}
[44.456039] (rplidar_ros) StderrLine: {'line': b'   66 |     sl_u8 data[\x1b[01;35m\x1b[K0\x1b[m\x1b[K];\n'}
[44.456863] (rplidar_ros) StderrLine: {'line': b'      |                \x1b[01;35m\x1b[K^\x1b[m\x1b[K\n'}
[44.460860] (rplidar_ros) StderrLine: {'line': b'In file included from \x1b[01m\x1b[K/root/humble_ws/src/rplidar_ros/sdk/include/sl_lidar_driver.h:54\x1b[m\x1b[K,\n'}
[44.462241] (rplidar_ros) StderrLine: {'line': b'                 from \x1b[01m\x1b[K/root/humble_ws/src/rplidar_ros/sdk/src/sl_tcp_channel.cpp:33\x1b[m\x1b[K:\n'}
[44.463723] (rplidar_ros) StderrLine: {'line': b'\x1b[01m\x1b[K/root/humble_ws/src/rplidar_ros/sdk/include/sl_lidar_cmd.h:324:20:\x1b[m\x1b[K \x1b[01;35m\x1b[Kwarning: \x1b[m\x1b[KISO C++ forbids zero-size array \xe2\x80\x98\x1b[01m\x1b[Kpayload\x1b[m\x1b[K\xe2\x80\x99 [\x1b[01;35m\x1b[K-Wpedantic\x1b[m\x1b[K]\n'}
[44.464599] (rplidar_ros) StderrLine: {'line': b'  324 |     sl_u8  payload[\x1b[01;35m\x1b[K0\x1b[m\x1b[K];\n'}
[44.466023] (rplidar_ros) StderrLine: {'line': b'      |                    \x1b[01;35m\x1b[K^\x1b[m\x1b[K\n'}
[44.484855] (-) TimerEvent: {}
[44.502725] (rplidar_ros) StderrLine: {'line': b'\x1b[01m\x1b[K/root/humble_ws/src/rplidar_ros/sdk/src/sl_tcp_channel.cpp:\x1b[m\x1b[K In member function \xe2\x80\x98\x1b[01m\x1b[Kvoid sl::TcpChannel::setStatus(_u32)\x1b[m\x1b[K\xe2\x80\x99:\n'}
[44.503346] (rplidar_ros) StderrLine: {'line': b'\x1b[01m\x1b[K/root/humble_ws/src/rplidar_ros/sdk/src/sl_tcp_channel.cpp:109:29:\x1b[m\x1b[K \x1b[01;35m\x1b[Kwarning: \x1b[m\x1b[Kunused parameter \xe2\x80\x98\x1b[01m\x1b[Kflag\x1b[m\x1b[K\xe2\x80\x99 [\x1b[01;35m\x1b[K-Wunused-parameter\x1b[m\x1b[K]\n'}
[44.503795] (rplidar_ros) StderrLine: {'line': b'  109 |         void setStatus(\x1b[01;35m\x1b[K_u32 flag\x1b[m\x1b[K){}\n'}
[44.504231] (rplidar_ros) StderrLine: {'line': b'      |                        \x1b[01;35m\x1b[K~~~~~^~~~\x1b[m\x1b[K\n'}
[44.585038] (-) TimerEvent: {}
[44.686014] (-) TimerEvent: {}
[44.753685] (rplidar_ros) StdoutLine: {'line': b'[ 63%] \x1b[32mBuilding CXX object CMakeFiles/rplidar_node.dir/sdk/src/dataunpacker/unpacker/handler_capsules.cpp.o\x1b[0m\n'}
[44.768332] (rplidar_ros) StderrLine: {'line': b'In file included from \x1b[01m\x1b[K/root/humble_ws/src/rplidar_ros/sdk/include/sl_lidar_cmd.h:41\x1b[m\x1b[K,\n'}
[44.769427] (rplidar_ros) StderrLine: {'line': b'                 from \x1b[01m\x1b[K/root/humble_ws/src/rplidar_ros/sdk/include/sl_lidar_driver.h:54\x1b[m\x1b[K,\n'}
[44.769935] (rplidar_ros) StderrLine: {'line': b'                 from \x1b[01m\x1b[K/root/humble_ws/src/rplidar_ros/sdk/src/sl_udp_channel.cpp:33\x1b[m\x1b[K:\n'}
[44.770404] (rplidar_ros) StderrLine: {'line': b'\x1b[01m\x1b[K/root/humble_ws/src/rplidar_ros/sdk/include/sl_lidar_protocol.h:66:16:\x1b[m\x1b[K \x1b[01;35m\x1b[Kwarning: \x1b[m\x1b[KISO C++ forbids zero-size array \xe2\x80\x98\x1b[01m\x1b[Kdata\x1b[m\x1b[K\xe2\x80\x99 [\x1b[01;35m\x1b[K-Wpedantic\x1b[m\x1b[K]\n'}
[44.770886] (rplidar_ros) StderrLine: {'line': b'   66 |     sl_u8 data[\x1b[01;35m\x1b[K0\x1b[m\x1b[K];\n'}
[44.771341] (rplidar_ros) StderrLine: {'line': b'      |                \x1b[01;35m\x1b[K^\x1b[m\x1b[K\n'}
[44.772058] (rplidar_ros) StderrLine: {'line': b'In file included from \x1b[01m\x1b[K/root/humble_ws/src/rplidar_ros/sdk/include/sl_lidar_driver.h:54\x1b[m\x1b[K,\n'}
[44.772711] (rplidar_ros) StderrLine: {'line': b'                 from \x1b[01m\x1b[K/root/humble_ws/src/rplidar_ros/sdk/src/sl_udp_channel.cpp:33\x1b[m\x1b[K:\n'}
[44.773234] (rplidar_ros) StderrLine: {'line': b'\x1b[01m\x1b[K/root/humble_ws/src/rplidar_ros/sdk/include/sl_lidar_cmd.h:324:20:\x1b[m\x1b[K \x1b[01;35m\x1b[Kwarning: \x1b[m\x1b[KISO C++ forbids zero-size array \xe2\x80\x98\x1b[01m\x1b[Kpayload\x1b[m\x1b[K\xe2\x80\x99 [\x1b[01;35m\x1b[K-Wpedantic\x1b[m\x1b[K]\n'}
[44.773693] (rplidar_ros) StderrLine: {'line': b'  324 |     sl_u8  payload[\x1b[01;35m\x1b[K0\x1b[m\x1b[K];\n'}
[44.774122] (rplidar_ros) StderrLine: {'line': b'      |                    \x1b[01;35m\x1b[K^\x1b[m\x1b[K\n'}
[44.786212] (-) TimerEvent: {}
[44.791568] (rplidar_ros) StderrLine: {'line': b'\x1b[01m\x1b[K/root/humble_ws/src/rplidar_ros/sdk/src/sl_udp_channel.cpp:\x1b[m\x1b[K In member function \xe2\x80\x98\x1b[01m\x1b[Kvoid sl::UdpChannel::setStatus(_u32)\x1b[m\x1b[K\xe2\x80\x99:\n'}
[44.792399] (rplidar_ros) StderrLine: {'line': b'\x1b[01m\x1b[K/root/humble_ws/src/rplidar_ros/sdk/src/sl_udp_channel.cpp:112:29:\x1b[m\x1b[K \x1b[01;35m\x1b[Kwarning: \x1b[m\x1b[Kunused parameter \xe2\x80\x98\x1b[01m\x1b[Kflag\x1b[m\x1b[K\xe2\x80\x99 [\x1b[01;35m\x1b[K-Wunused-parameter\x1b[m\x1b[K]\n'}
[44.792988] (rplidar_ros) StderrLine: {'line': b'  112 |         void setStatus(\x1b[01;35m\x1b[K_u32 flag\x1b[m\x1b[K){}\n'}
[44.793546] (rplidar_ros) StderrLine: {'line': b'      |                        \x1b[01;35m\x1b[K~~~~~^~~~\x1b[m\x1b[K\n'}
[44.886404] (-) TimerEvent: {}
[44.987189] (-) TimerEvent: {}
[45.031880] (rplidar_ros) StdoutLine: {'line': b'[ 65%] \x1b[32m\x1b[1mLinking CXX executable rplidar_composition\x1b[0m\n'}
[45.087434] (-) TimerEvent: {}
[45.188703] (-) TimerEvent: {}
[45.289382] (-) TimerEvent: {}
[45.390635] (-) TimerEvent: {}
[45.491306] (-) TimerEvent: {}
[45.592045] (-) TimerEvent: {}
[45.604729] (rplidar_ros) StderrLine: {'line': b'In file included from \x1b[01m\x1b[K/root/humble_ws/src/rplidar_ros/sdk/include/rplidar_protocol.h:36\x1b[m\x1b[K,\n'}
[45.605407] (rplidar_ros) StderrLine: {'line': b'                 from \x1b[01m\x1b[K/root/humble_ws/src/rplidar_ros/sdk/include/rplidar.h:39\x1b[m\x1b[K,\n'}
[45.605861] (rplidar_ros) StderrLine: {'line': b'                 from \x1b[01m\x1b[K/root/humble_ws/src/rplidar_ros/sdk/src/sdkcommon.h:49\x1b[m\x1b[K,\n'}
[45.606295] (rplidar_ros) StderrLine: {'line': b'                 from \x1b[01m\x1b[K/root/humble_ws/src/rplidar_ros/sdk/src/dataunpacker/dataunnpacker_commondef.h:41\x1b[m\x1b[K,\n'}
[45.606771] (rplidar_ros) StderrLine: {'line': b'                 from \x1b[01m\x1b[K/root/humble_ws/src/rplidar_ros/sdk/src/dataunpacker/dataunpacker.cpp:39\x1b[m\x1b[K:\n'}
[45.607209] (rplidar_ros) StderrLine: {'line': b'\x1b[01m\x1b[K/root/humble_ws/src/rplidar_ros/sdk/include/sl_lidar_protocol.h:66:16:\x1b[m\x1b[K \x1b[01;35m\x1b[Kwarning: \x1b[m\x1b[KISO C++ forbids zero-size array \xe2\x80\x98\x1b[01m\x1b[Kdata\x1b[m\x1b[K\xe2\x80\x99 [\x1b[01;35m\x1b[K-Wpedantic\x1b[m\x1b[K]\n'}
[45.607656] (rplidar_ros) StderrLine: {'line': b'   66 |     sl_u8 data[\x1b[01;35m\x1b[K0\x1b[m\x1b[K];\n'}
[45.608063] (rplidar_ros) StderrLine: {'line': b'      |                \x1b[01;35m\x1b[K^\x1b[m\x1b[K\n'}
[45.608887] (rplidar_ros) StderrLine: {'line': b'In file included from \x1b[01m\x1b[K/root/humble_ws/src/rplidar_ros/sdk/include/rplidar_cmd.h:36\x1b[m\x1b[K,\n'}
[45.609502] (rplidar_ros) StderrLine: {'line': b'                 from \x1b[01m\x1b[K/root/humble_ws/src/rplidar_ros/sdk/include/rplidar.h:40\x1b[m\x1b[K,\n'}
[45.609943] (rplidar_ros) StderrLine: {'line': b'                 from \x1b[01m\x1b[K/root/humble_ws/src/rplidar_ros/sdk/src/sdkcommon.h:49\x1b[m\x1b[K,\n'}
[45.610390] (rplidar_ros) StderrLine: {'line': b'                 from \x1b[01m\x1b[K/root/humble_ws/src/rplidar_ros/sdk/src/dataunpacker/dataunnpacker_commondef.h:41\x1b[m\x1b[K,\n'}
[45.610841] (rplidar_ros) StderrLine: {'line': b'                 from \x1b[01m\x1b[K/root/humble_ws/src/rplidar_ros/sdk/src/dataunpacker/dataunpacker.cpp:39\x1b[m\x1b[K:\n'}
[45.611296] (rplidar_ros) StderrLine: {'line': b'\x1b[01m\x1b[K/root/humble_ws/src/rplidar_ros/sdk/include/sl_lidar_cmd.h:324:20:\x1b[m\x1b[K \x1b[01;35m\x1b[Kwarning: \x1b[m\x1b[KISO C++ forbids zero-size array \xe2\x80\x98\x1b[01m\x1b[Kpayload\x1b[m\x1b[K\xe2\x80\x99 [\x1b[01;35m\x1b[K-Wpedantic\x1b[m\x1b[K]\n'}
[45.611787] (rplidar_ros) StderrLine: {'line': b'  324 |     sl_u8  payload[\x1b[01;35m\x1b[K0\x1b[m\x1b[K];\n'}
[45.612224] (rplidar_ros) StderrLine: {'line': b'      |                    \x1b[01;35m\x1b[K^\x1b[m\x1b[K\n'}
[45.692221] (-) TimerEvent: {}
[45.794862] (-) TimerEvent: {}
[45.897428] (-) TimerEvent: {}
[45.999858] (-) TimerEvent: {}
[46.102299] (-) TimerEvent: {}
[46.204722] (-) TimerEvent: {}
[46.307062] (-) TimerEvent: {}
[46.408980] (-) TimerEvent: {}
[46.511277] (-) TimerEvent: {}
[46.573461] (rplidar_ros) StderrLine: {'line': b'In file included from \x1b[01m\x1b[K/root/humble_ws/src/rplidar_ros/sdk/src/dataunpacker/dataunpacker.cpp:40\x1b[m\x1b[K:\n'}
[46.574519] (rplidar_ros) StderrLine: {'line': b'\x1b[01m\x1b[K/root/humble_ws/src/rplidar_ros/sdk/src/dataunpacker/dataunpacker.h:\x1b[m\x1b[K In member function \xe2\x80\x98\x1b[01m\x1b[Kvirtual void sl::internal::LIDARSampleDataListener::onCustomSampleDataDecoded(_u8, _u32, const void*, size_t)\x1b[m\x1b[K\xe2\x80\x99:\n'}
[46.575454] (rplidar_ros) StderrLine: {'line': b'\x1b[01m\x1b[K/root/humble_ws/src/rplidar_ros/sdk/src/dataunpacker/dataunpacker.h:54:52:\x1b[m\x1b[K \x1b[01;35m\x1b[Kwarning: \x1b[m\x1b[Kunused parameter \xe2\x80\x98\x1b[01m\x1b[KansType\x1b[m\x1b[K\xe2\x80\x99 [\x1b[01;35m\x1b[K-Wunused-parameter\x1b[m\x1b[K]\n'}
[46.576417] (rplidar_ros) StderrLine: {'line': b'   54 |         virtual void onCustomSampleDataDecoded(\x1b[01;35m\x1b[K_u8 ansType\x1b[m\x1b[K, _u32 customCode, const void* data, size_t size) {}\n'}
[46.577388] (rplidar_ros) StderrLine: {'line': b'      |                                                \x1b[01;35m\x1b[K~~~~^~~~~~~\x1b[m\x1b[K\n'}
[46.578377] (rplidar_ros) StderrLine: {'line': b'\x1b[01m\x1b[K/root/humble_ws/src/rplidar_ros/sdk/src/dataunpacker/dataunpacker.h:54:66:\x1b[m\x1b[K \x1b[01;35m\x1b[Kwarning: \x1b[m\x1b[Kunused parameter \xe2\x80\x98\x1b[01m\x1b[KcustomCode\x1b[m\x1b[K\xe2\x80\x99 [\x1b[01;35m\x1b[K-Wunused-parameter\x1b[m\x1b[K]\n'}
[46.579276] (rplidar_ros) StderrLine: {'line': b'   54 |         virtual void onCustomSampleDataDecoded(_u8 ansType, \x1b[01;35m\x1b[K_u32 customCode\x1b[m\x1b[K, const void* data, size_t size) {}\n'}
[46.580140] (rplidar_ros) StderrLine: {'line': b'      |                                                             \x1b[01;35m\x1b[K~~~~~^~~~~~~~~~\x1b[m\x1b[K\n'}
[46.581132] (rplidar_ros) StderrLine: {'line': b'\x1b[01m\x1b[K/root/humble_ws/src/rplidar_ros/sdk/src/dataunpacker/dataunpacker.h:54:90:\x1b[m\x1b[K \x1b[01;35m\x1b[Kwarning: \x1b[m\x1b[Kunused parameter \xe2\x80\x98\x1b[01m\x1b[Kdata\x1b[m\x1b[K\xe2\x80\x99 [\x1b[01;35m\x1b[K-Wunused-parameter\x1b[m\x1b[K]\n'}
[46.582051] (rplidar_ros) StderrLine: {'line': b'   54 | virtual void onCustomSampleDataDecoded(_u8 ansType, _u32 customCode, \x1b[01;35m\x1b[Kconst void* data\x1b[m\x1b[K, size_t size) {}\n'}
[46.582911] (rplidar_ros) StderrLine: {'line': b'      |                                                                      \x1b[01;35m\x1b[K~~~~~~~~~~~~^~~~\x1b[m\x1b[K\n'}
[46.583687] (rplidar_ros) StderrLine: {'line': b'\n'}
[46.584999] (rplidar_ros) StderrLine: {'line': b'\x1b[01m\x1b[K/root/humble_ws/src/rplidar_ros/sdk/src/dataunpacker/dataunpacker.h:54:103:\x1b[m\x1b[K \x1b[01;35m\x1b[Kwarning: \x1b[m\x1b[Kunused parameter \xe2\x80\x98\x1b[01m\x1b[Ksize\x1b[m\x1b[K\xe2\x80\x99 [\x1b[01;35m\x1b[K-Wunused-parameter\x1b[m\x1b[K]\n'}
[46.585956] (rplidar_ros) StderrLine: {'line': b'   54 | id onCustomSampleDataDecoded(_u8 ansType, _u32 customCode, const void* data, \x1b[01;35m\x1b[Ksize_t size\x1b[m\x1b[K) {}\n'}
[46.586899] (rplidar_ros) StderrLine: {'line': b'      |                                                                              \x1b[01;35m\x1b[K~~~~~~~^~~~\x1b[m\x1b[K\n'}
[46.588986] (rplidar_ros) StderrLine: {'line': b'\n'}
[46.589615] (rplidar_ros) StderrLine: {'line': b'\x1b[01m\x1b[K/root/humble_ws/src/rplidar_ros/sdk/src/dataunpacker/dataunpacker.h:\x1b[m\x1b[K In member function \xe2\x80\x98\x1b[01m\x1b[Kvirtual void sl::internal::LIDARSampleDataListener::onDecodingError(int, _u8, const void*, size_t)\x1b[m\x1b[K\xe2\x80\x99:\n'}
[46.590144] (rplidar_ros) StderrLine: {'line': b'\x1b[01m\x1b[K/root/humble_ws/src/rplidar_ros/sdk/src/dataunpacker/dataunpacker.h:56:42:\x1b[m\x1b[K \x1b[01;35m\x1b[Kwarning: \x1b[m\x1b[Kunused parameter \xe2\x80\x98\x1b[01m\x1b[KerrMsg\x1b[m\x1b[K\xe2\x80\x99 [\x1b[01;35m\x1b[K-Wunused-parameter\x1b[m\x1b[K]\n'}
[46.590654] (rplidar_ros) StderrLine: {'line': b'   56 |         virtual void onDecodingError(\x1b[01;35m\x1b[Kint errMsg\x1b[m\x1b[K, _u8 ansType, const void* payload, size_t size) {}\n'}
[46.591197] (rplidar_ros) StderrLine: {'line': b'      |                                      \x1b[01;35m\x1b[K~~~~^~~~~~\x1b[m\x1b[K\n'}
[46.591688] (rplidar_ros) StderrLine: {'line': b'\x1b[01m\x1b[K/root/humble_ws/src/rplidar_ros/sdk/src/dataunpacker/dataunpacker.h:56:54:\x1b[m\x1b[K \x1b[01;35m\x1b[Kwarning: \x1b[m\x1b[Kunused parameter \xe2\x80\x98\x1b[01m\x1b[KansType\x1b[m\x1b[K\xe2\x80\x99 [\x1b[01;35m\x1b[K-Wunused-parameter\x1b[m\x1b[K]\n'}
[46.592180] (rplidar_ros) StderrLine: {'line': b'   56 |         virtual void onDecodingError(int errMsg, \x1b[01;35m\x1b[K_u8 ansType\x1b[m\x1b[K, const void* payload, size_t size) {}\n'}
[46.600717] (rplidar_ros) StderrLine: {'line': b'      |                                                  \x1b[01;35m\x1b[K~~~~^~~~~~~\x1b[m\x1b[K\n'}
[46.601616] (rplidar_ros) StderrLine: {'line': b'\x1b[01m\x1b[K/root/humble_ws/src/rplidar_ros/sdk/src/dataunpacker/dataunpacker.h:56:75:\x1b[m\x1b[K \x1b[01;35m\x1b[Kwarning: \x1b[m\x1b[Kunused parameter \xe2\x80\x98\x1b[01m\x1b[Kpayload\x1b[m\x1b[K\xe2\x80\x99 [\x1b[01;35m\x1b[K-Wunused-parameter\x1b[m\x1b[K]\n'}
[46.602149] (rplidar_ros) StderrLine: {'line': b'   56 |         virtual void onDecodingError(int errMsg, _u8 ansType, \x1b[01;35m\x1b[Kconst void* payload\x1b[m\x1b[K, size_t size) {}\n'}
[46.602652] (rplidar_ros) StderrLine: {'line': b'      |                                                               \x1b[01;35m\x1b[K~~~~~~~~~~~~^~~~~~~\x1b[m\x1b[K\n'}
[46.603125] (rplidar_ros) StderrLine: {'line': b'\x1b[01m\x1b[K/root/humble_ws/src/rplidar_ros/sdk/src/dataunpacker/dataunpacker.h:56:91:\x1b[m\x1b[K \x1b[01;35m\x1b[Kwarning: \x1b[m\x1b[Kunused parameter \xe2\x80\x98\x1b[01m\x1b[Ksize\x1b[m\x1b[K\xe2\x80\x99 [\x1b[01;35m\x1b[K-Wunused-parameter\x1b[m\x1b[K]\n'}
[46.603612] (rplidar_ros) StderrLine: {'line': b'   56 |   virtual void onDecodingError(int errMsg, _u8 ansType, const void* payload, \x1b[01;35m\x1b[Ksize_t size\x1b[m\x1b[K) {}\n'}
[46.604080] (rplidar_ros) StderrLine: {'line': b'      |                                                                              \x1b[01;35m\x1b[K~~~~~~~^~~~\x1b[m\x1b[K\n'}
[46.604684] (rplidar_ros) StderrLine: {'line': b'\n'}
[46.611482] (-) TimerEvent: {}
[46.712246] (-) TimerEvent: {}
[46.813968] (-) TimerEvent: {}
[46.832877] (rplidar_ros) StdoutLine: {'line': b'[ 65%] Built target rplidar_composition\n'}
[46.860027] (rplidar_ros) StderrLine: {'line': b'In file included from \x1b[01m\x1b[K/root/humble_ws/src/rplidar_ros/sdk/include/rplidar_protocol.h:36\x1b[m\x1b[K,\n'}
[46.860686] (rplidar_ros) StderrLine: {'line': b'                 from \x1b[01m\x1b[K/root/humble_ws/src/rplidar_ros/sdk/include/rplidar.h:39\x1b[m\x1b[K,\n'}
[46.861179] (rplidar_ros) StderrLine: {'line': b'                 from \x1b[01m\x1b[K/root/humble_ws/src/rplidar_ros/sdk/src/sdkcommon.h:49\x1b[m\x1b[K,\n'}
[46.861620] (rplidar_ros) StderrLine: {'line': b'                 from \x1b[01m\x1b[K/root/humble_ws/src/rplidar_ros/sdk/src/dataunpacker/unpacker/../dataunnpacker_commondef.h:41\x1b[m\x1b[K,\n'}
[46.862071] (rplidar_ros) StderrLine: {'line': b'                 from \x1b[01m\x1b[K/root/humble_ws/src/rplidar_ros/sdk/src/dataunpacker/unpacker/handler_capsules.cpp:39\x1b[m\x1b[K:\n'}
[46.862538] (rplidar_ros) StderrLine: {'line': b'\x1b[01m\x1b[K/root/humble_ws/src/rplidar_ros/sdk/include/sl_lidar_protocol.h:66:16:\x1b[m\x1b[K \x1b[01;35m\x1b[Kwarning: \x1b[m\x1b[KISO C++ forbids zero-size array \xe2\x80\x98\x1b[01m\x1b[Kdata\x1b[m\x1b[K\xe2\x80\x99 [\x1b[01;35m\x1b[K-Wpedantic\x1b[m\x1b[K]\n'}
[46.862952] (rplidar_ros) StderrLine: {'line': b'   66 |     sl_u8 data[\x1b[01;35m\x1b[K0\x1b[m\x1b[K];\n'}
[46.863352] (rplidar_ros) StderrLine: {'line': b'      |                \x1b[01;35m\x1b[K^\x1b[m\x1b[K\n'}
[46.864122] (rplidar_ros) StderrLine: {'line': b'In file included from \x1b[01m\x1b[K/root/humble_ws/src/rplidar_ros/sdk/include/rplidar_cmd.h:36\x1b[m\x1b[K,\n'}
[46.864789] (rplidar_ros) StderrLine: {'line': b'                 from \x1b[01m\x1b[K/root/humble_ws/src/rplidar_ros/sdk/include/rplidar.h:40\x1b[m\x1b[K,\n'}
[46.865359] (rplidar_ros) StderrLine: {'line': b'                 from \x1b[01m\x1b[K/root/humble_ws/src/rplidar_ros/sdk/src/sdkcommon.h:49\x1b[m\x1b[K,\n'}
[46.865818] (rplidar_ros) StderrLine: {'line': b'                 from \x1b[01m\x1b[K/root/humble_ws/src/rplidar_ros/sdk/src/dataunpacker/unpacker/../dataunnpacker_commondef.h:41\x1b[m\x1b[K,\n'}
[46.866228] (rplidar_ros) StderrLine: {'line': b'                 from \x1b[01m\x1b[K/root/humble_ws/src/rplidar_ros/sdk/src/dataunpacker/unpacker/handler_capsules.cpp:39\x1b[m\x1b[K:\n'}
[46.866618] (rplidar_ros) StderrLine: {'line': b'\x1b[01m\x1b[K/root/humble_ws/src/rplidar_ros/sdk/include/sl_lidar_cmd.h:324:20:\x1b[m\x1b[K \x1b[01;35m\x1b[Kwarning: \x1b[m\x1b[KISO C++ forbids zero-size array \xe2\x80\x98\x1b[01m\x1b[Kpayload\x1b[m\x1b[K\xe2\x80\x99 [\x1b[01;35m\x1b[K-Wpedantic\x1b[m\x1b[K]\n'}
[46.866993] (rplidar_ros) StderrLine: {'line': b'  324 |     sl_u8  payload[\x1b[01;35m\x1b[K0\x1b[m\x1b[K];\n'}
[46.867501] (rplidar_ros) StderrLine: {'line': b'      |                    \x1b[01;35m\x1b[K^\x1b[m\x1b[K\n'}
[46.872333] (rplidar_ros) StdoutLine: {'line': b'[ 68%] \x1b[32mBuilding CXX object CMakeFiles/rplidar_node.dir/sdk/src/dataunpacker/unpacker/handler_hqnode.cpp.o\x1b[0m\n'}
[46.914162] (-) TimerEvent: {}
[47.014926] (-) TimerEvent: {}
[47.116501] (-) TimerEvent: {}
[47.218792] (-) TimerEvent: {}
[47.321100] (-) TimerEvent: {}
[47.423434] (-) TimerEvent: {}
[47.525714] (-) TimerEvent: {}
[47.628011] (-) TimerEvent: {}
[47.719733] (rplidar_ros) StderrLine: {'line': b'In file included from \x1b[01m\x1b[K/root/humble_ws/src/rplidar_ros/sdk/src/dataunpacker/unpacker/handler_capsules.cpp:40\x1b[m\x1b[K:\n'}
[47.720317] (rplidar_ros) StderrLine: {'line': b'\x1b[01m\x1b[K/root/humble_ws/src/rplidar_ros/sdk/src/dataunpacker/unpacker/../dataunpacker.h:\x1b[m\x1b[K In member function \xe2\x80\x98\x1b[01m\x1b[Kvirtual void sl::internal::LIDARSampleDataListener::onCustomSampleDataDecoded(_u8, _u32, const void*, size_t)\x1b[m\x1b[K\xe2\x80\x99:\n'}
[47.720857] (rplidar_ros) StderrLine: {'line': b'\x1b[01m\x1b[K/root/humble_ws/src/rplidar_ros/sdk/src/dataunpacker/unpacker/../dataunpacker.h:54:52:\x1b[m\x1b[K \x1b[01;35m\x1b[Kwarning: \x1b[m\x1b[Kunused parameter \xe2\x80\x98\x1b[01m\x1b[KansType\x1b[m\x1b[K\xe2\x80\x99 [\x1b[01;35m\x1b[K-Wunused-parameter\x1b[m\x1b[K]\n'}
[47.721290] (rplidar_ros) StderrLine: {'line': b'   54 |         virtual void onCustomSampleDataDecoded(\x1b[01;35m\x1b[K_u8 ansType\x1b[m\x1b[K, _u32 customCode, const void* data, size_t size) {}\n'}
[47.721695] (rplidar_ros) StderrLine: {'line': b'      |                                                \x1b[01;35m\x1b[K~~~~^~~~~~~\x1b[m\x1b[K\n'}
[47.722103] (rplidar_ros) StderrLine: {'line': b'\x1b[01m\x1b[K/root/humble_ws/src/rplidar_ros/sdk/src/dataunpacker/unpacker/../dataunpacker.h:54:66:\x1b[m\x1b[K \x1b[01;35m\x1b[Kwarning: \x1b[m\x1b[Kunused parameter \xe2\x80\x98\x1b[01m\x1b[KcustomCode\x1b[m\x1b[K\xe2\x80\x99 [\x1b[01;35m\x1b[K-Wunused-parameter\x1b[m\x1b[K]\n'}
[47.722495] (rplidar_ros) StderrLine: {'line': b'   54 |         virtual void onCustomSampleDataDecoded(_u8 ansType, \x1b[01;35m\x1b[K_u32 customCode\x1b[m\x1b[K, const void* data, size_t size) {}\n'}
[47.722874] (rplidar_ros) StderrLine: {'line': b'      |                                                             \x1b[01;35m\x1b[K~~~~~^~~~~~~~~~\x1b[m\x1b[K\n'}
[47.723264] (rplidar_ros) StderrLine: {'line': b'\x1b[01m\x1b[K/root/humble_ws/src/rplidar_ros/sdk/src/dataunpacker/unpacker/../dataunpacker.h:54:90:\x1b[m\x1b[K \x1b[01;35m\x1b[Kwarning: \x1b[m\x1b[Kunused parameter \xe2\x80\x98\x1b[01m\x1b[Kdata\x1b[m\x1b[K\xe2\x80\x99 [\x1b[01;35m\x1b[K-Wunused-parameter\x1b[m\x1b[K]\n'}
[47.723668] (rplidar_ros) StderrLine: {'line': b'   54 |         virtual void onCustomSampleDataDecoded(_u8 ansType, _u32 customCode, \x1b[01;35m\x1b[Kconst void* data\x1b[m\x1b[K, size_t size) {}\n'}
[47.724052] (rplidar_ros) StderrLine: {'line': b'      |                                                                              \x1b[01;35m\x1b[K~~~~~~~~~~~~^~~~\x1b[m\x1b[K\n'}
[47.724455] (rplidar_ros) StderrLine: {'line': b'\x1b[01m\x1b[K/root/humble_ws/src/rplidar_ros/sdk/src/dataunpacker/unpacker/../dataunpacker.h:54:103:\x1b[m\x1b[K \x1b[01;35m\x1b[Kwarning: \x1b[m\x1b[Kunused parameter \xe2\x80\x98\x1b[01m\x1b[Ksize\x1b[m\x1b[K\xe2\x80\x99 [\x1b[01;35m\x1b[K-Wunused-parameter\x1b[m\x1b[K]\n'}
[47.724963] (rplidar_ros) StderrLine: {'line': b'   54 |         virtual void onCustomSampleDataDecoded(_u8 ansType, _u32 customCode, const void* data, \x1b[01;35m\x1b[Ksize_t size\x1b[m\x1b[K) {}\n'}
[47.725355] (rplidar_ros) StderrLine: {'line': b'      |                                                                                                \x1b[01;35m\x1b[K~~~~~~~^~~~\x1b[m\x1b[K\n'}
[47.725741] (rplidar_ros) StderrLine: {'line': b'\x1b[01m\x1b[K/root/humble_ws/src/rplidar_ros/sdk/src/dataunpacker/unpacker/../dataunpacker.h:\x1b[m\x1b[K In member function \xe2\x80\x98\x1b[01m\x1b[Kvirtual void sl::internal::LIDARSampleDataListener::onDecodingError(int, _u8, const void*, size_t)\x1b[m\x1b[K\xe2\x80\x99:\n'}
[47.726150] (rplidar_ros) StderrLine: {'line': b'\x1b[01m\x1b[K/root/humble_ws/src/rplidar_ros/sdk/src/dataunpacker/unpacker/../dataunpacker.h:56:42:\x1b[m\x1b[K \x1b[01;35m\x1b[Kwarning: \x1b[m\x1b[Kunused parameter \xe2\x80\x98\x1b[01m\x1b[KerrMsg\x1b[m\x1b[K\xe2\x80\x99 [\x1b[01;35m\x1b[K-Wunused-parameter\x1b[m\x1b[K]\n'}
[47.726514] (rplidar_ros) StderrLine: {'line': b'   56 |         virtual void onDecodingError(\x1b[01;35m\x1b[Kint errMsg\x1b[m\x1b[K, _u8 ansType, const void* payload, size_t size) {}\n'}
[47.726875] (rplidar_ros) StderrLine: {'line': b'      |                                      \x1b[01;35m\x1b[K~~~~^~~~~~\x1b[m\x1b[K\n'}
[47.727249] (rplidar_ros) StderrLine: {'line': b'\x1b[01m\x1b[K/root/humble_ws/src/rplidar_ros/sdk/src/dataunpacker/unpacker/../dataunpacker.h:56:54:\x1b[m\x1b[K \x1b[01;35m\x1b[Kwarning: \x1b[m\x1b[Kunused parameter \xe2\x80\x98\x1b[01m\x1b[KansType\x1b[m\x1b[K\xe2\x80\x99 [\x1b[01;35m\x1b[K-Wunused-parameter\x1b[m\x1b[K]\n'}
[47.727639] (rplidar_ros) StderrLine: {'line': b'   56 |         virtual void onDecodingError(int errMsg, \x1b[01;35m\x1b[K_u8 ansType\x1b[m\x1b[K, const void* payload, size_t size) {}\n'}
[47.728766] (-) TimerEvent: {}
[47.730790] (rplidar_ros) StderrLine: {'line': b'      |                                                  \x1b[01;35m\x1b[K~~~~^~~~~~~\x1b[m\x1b[K\n'}
[47.731380] (rplidar_ros) StderrLine: {'line': b'\x1b[01m\x1b[K/root/humble_ws/src/rplidar_ros/sdk/src/dataunpacker/unpacker/../dataunpacker.h:56:75:\x1b[m\x1b[K \x1b[01;35m\x1b[Kwarning: \x1b[m\x1b[Kunused parameter \xe2\x80\x98\x1b[01m\x1b[Kpayload\x1b[m\x1b[K\xe2\x80\x99 [\x1b[01;35m\x1b[K-Wunused-parameter\x1b[m\x1b[K]\n'}
[47.731785] (rplidar_ros) StderrLine: {'line': b'   56 |         virtual void onDecodingError(int errMsg, _u8 ansType, \x1b[01;35m\x1b[Kconst void* payload\x1b[m\x1b[K, size_t size) {}\n'}
[47.732156] (rplidar_ros) StderrLine: {'line': b'      |                                                               \x1b[01;35m\x1b[K~~~~~~~~~~~~^~~~~~~\x1b[m\x1b[K\n'}
[47.732606] (rplidar_ros) StderrLine: {'line': b'\x1b[01m\x1b[K/root/humble_ws/src/rplidar_ros/sdk/src/dataunpacker/unpacker/../dataunpacker.h:56:91:\x1b[m\x1b[K \x1b[01;35m\x1b[Kwarning: \x1b[m\x1b[Kunused parameter \xe2\x80\x98\x1b[01m\x1b[Ksize\x1b[m\x1b[K\xe2\x80\x99 [\x1b[01;35m\x1b[K-Wunused-parameter\x1b[m\x1b[K]\n'}
[47.733032] (rplidar_ros) StderrLine: {'line': b'   56 |         virtual void onDecodingError(int errMsg, _u8 ansType, const void* payload, \x1b[01;35m\x1b[Ksize_t size\x1b[m\x1b[K) {}\n'}
[47.733413] (rplidar_ros) StderrLine: {'line': b'      |                                                                                    \x1b[01;35m\x1b[K~~~~~~~^~~~\x1b[m\x1b[K\n'}
[47.769945] (rplidar_ros) StderrLine: {'line': b'\x1b[01m\x1b[K/root/humble_ws/src/rplidar_ros/sdk/src/dataunpacker/unpacker/handler_capsules.cpp:\x1b[m\x1b[K In member function \xe2\x80\x98\x1b[01m\x1b[Kvoid sl::internal::unpacker::UnpackerHandler_DenseCapsuleNode::_onScanNodeDenseCapsuleData(rplidar_response_dense_capsule_measurement_nodes_t&, sl::internal::LIDARSampleDataUnpackerInner*)\x1b[m\x1b[K\xe2\x80\x99:\n'}
[47.770584] (rplidar_ros) StderrLine: {'line': b'\x1b[01m\x1b[K/root/humble_ws/src/rplidar_ros/sdk/src/dataunpacker/unpacker/handler_capsules.cpp:763:30:\x1b[m\x1b[K \x1b[01;35m\x1b[Kwarning: \x1b[m\x1b[Ktype qualifiers ignored on cast result type [\x1b[01;35m\x1b[K-Wignored-qualifiers\x1b[m\x1b[K]\n'}
[47.771013] (rplidar_ros) StderrLine: {'line': b'  763 |             const int dist = \x1b[01;35m\x1b[Kstatic_cast<const int>(_cached_previous_dense_capsuledata.cabins[pos].distance)\x1b[m\x1b[K;\n'}
[47.771414] (rplidar_ros) StderrLine: {'line': b'      |                              \x1b[01;35m\x1b[K^~~~~~~~~~~~~~~~~~~~~~~~~~~~~~~~~~~~~~~~~~~~~~~~~~~~~~~~~~~~~~~~~~~~~~~~~~~~~~~\x1b[m\x1b[K\n'}
[47.794069] (rplidar_ros) StdoutLine: {'line': b'[ 71%] \x1b[32mBuilding CXX object CMakeFiles/rplidar_node.dir/sdk/src/dataunpacker/unpacker/handler_normalnode.cpp.o\x1b[0m\n'}
[47.828961] (-) TimerEvent: {}
[47.931194] (-) TimerEvent: {}
[48.033386] (-) TimerEvent: {}
[48.135531] (-) TimerEvent: {}
[48.237686] (-) TimerEvent: {}
[48.339842] (-) TimerEvent: {}
[48.442107] (-) TimerEvent: {}
[48.516669] (rplidar_ros) StdoutLine: {'line': b'[ 73%] \x1b[32mBuilding CXX object CMakeFiles/rplidar_node.dir/sdk/src/hal/thread.cpp.o\x1b[0m\n'}
[48.542302] (-) TimerEvent: {}
[48.644444] (-) TimerEvent: {}
[48.688269] (rplidar_ros) StderrLine: {'line': b'In file included from \x1b[01m\x1b[K/root/humble_ws/src/rplidar_ros/sdk/include/rplidar_protocol.h:36\x1b[m\x1b[K,\n'}
[48.688903] (rplidar_ros) StderrLine: {'line': b'                 from \x1b[01m\x1b[K/root/humble_ws/src/rplidar_ros/sdk/include/rplidar.h:39\x1b[m\x1b[K,\n'}
[48.689353] (rplidar_ros) StderrLine: {'line': b'                 from \x1b[01m\x1b[K/root/humble_ws/src/rplidar_ros/sdk/src/sdkcommon.h:49\x1b[m\x1b[K,\n'}
[48.689768] (rplidar_ros) StderrLine: {'line': b'                 from \x1b[01m\x1b[K/root/humble_ws/src/rplidar_ros/sdk/src/dataunpacker/unpacker/../dataunnpacker_commondef.h:41\x1b[m\x1b[K,\n'}
[48.690196] (rplidar_ros) StderrLine: {'line': b'                 from \x1b[01m\x1b[K/root/humble_ws/src/rplidar_ros/sdk/src/dataunpacker/unpacker/handler_hqnode.cpp:39\x1b[m\x1b[K:\n'}
[48.690639] (rplidar_ros) StderrLine: {'line': b'\x1b[01m\x1b[K/root/humble_ws/src/rplidar_ros/sdk/include/sl_lidar_protocol.h:66:16:\x1b[m\x1b[K \x1b[01;35m\x1b[Kwarning: \x1b[m\x1b[KISO C++ forbids zero-size array \xe2\x80\x98\x1b[01m\x1b[Kdata\x1b[m\x1b[K\xe2\x80\x99 [\x1b[01;35m\x1b[K-Wpedantic\x1b[m\x1b[K]\n'}
[48.691024] (rplidar_ros) StderrLine: {'line': b'   66 |     sl_u8 data[\x1b[01;35m\x1b[K0\x1b[m\x1b[K];\n'}
[48.691402] (rplidar_ros) StderrLine: {'line': b'      |                \x1b[01;35m\x1b[K^\x1b[m\x1b[K\n'}
[48.692078] (rplidar_ros) StderrLine: {'line': b'In file included from \x1b[01m\x1b[K/root/humble_ws/src/rplidar_ros/sdk/include/rplidar_cmd.h:36\x1b[m\x1b[K,\n'}
[48.692918] (rplidar_ros) StderrLine: {'line': b'                 from \x1b[01m\x1b[K/root/humble_ws/src/rplidar_ros/sdk/include/rplidar.h:40\x1b[m\x1b[K,\n'}
[48.693407] (rplidar_ros) StderrLine: {'line': b'                 from \x1b[01m\x1b[K/root/humble_ws/src/rplidar_ros/sdk/src/sdkcommon.h:49\x1b[m\x1b[K,\n'}
[48.693773] (rplidar_ros) StderrLine: {'line': b'                 from \x1b[01m\x1b[K/root/humble_ws/src/rplidar_ros/sdk/src/dataunpacker/unpacker/../dataunnpacker_commondef.h:41\x1b[m\x1b[K,\n'}
[48.694175] (rplidar_ros) StderrLine: {'line': b'                 from \x1b[01m\x1b[K/root/humble_ws/src/rplidar_ros/sdk/src/dataunpacker/unpacker/handler_hqnode.cpp:39\x1b[m\x1b[K:\n'}
[48.694562] (rplidar_ros) StderrLine: {'line': b'\x1b[01m\x1b[K/root/humble_ws/src/rplidar_ros/sdk/include/sl_lidar_cmd.h:324:20:\x1b[m\x1b[K \x1b[01;35m\x1b[Kwarning: \x1b[m\x1b[KISO C++ forbids zero-size array \xe2\x80\x98\x1b[01m\x1b[Kpayload\x1b[m\x1b[K\xe2\x80\x99 [\x1b[01;35m\x1b[K-Wpedantic\x1b[m\x1b[K]\n'}
[48.694918] (rplidar_ros) StderrLine: {'line': b'  324 |     sl_u8  payload[\x1b[01;35m\x1b[K0\x1b[m\x1b[K];\n'}
[48.695344] (rplidar_ros) StderrLine: {'line': b'      |                    \x1b[01;35m\x1b[K^\x1b[m\x1b[K\n'}
[48.744762] (-) TimerEvent: {}
[48.845448] (-) TimerEvent: {}
[48.947078] (-) TimerEvent: {}
[49.048590] (-) TimerEvent: {}
[49.149906] (-) TimerEvent: {}
[49.251806] (-) TimerEvent: {}
[49.352806] (-) TimerEvent: {}
[49.454004] (-) TimerEvent: {}
[49.537201] (rplidar_ros) StderrLine: {'line': b'In file included from \x1b[01m\x1b[K/root/humble_ws/src/rplidar_ros/sdk/src/dataunpacker/unpacker/handler_hqnode.cpp:40\x1b[m\x1b[K:\n'}
[49.538101] (rplidar_ros) StderrLine: {'line': b'\x1b[01m\x1b[K/root/humble_ws/src/rplidar_ros/sdk/src/dataunpacker/unpacker/../dataunpacker.h:\x1b[m\x1b[K In member function \xe2\x80\x98\x1b[01m\x1b[Kvirtual void sl::internal::LIDARSampleDataListener::onCustomSampleDataDecoded(_u8, _u32, const void*, size_t)\x1b[m\x1b[K\xe2\x80\x99:\n'}
[49.538930] (rplidar_ros) StderrLine: {'line': b'\x1b[01m\x1b[K/root/humble_ws/src/rplidar_ros/sdk/src/dataunpacker/unpacker/../dataunpacker.h:54:52:\x1b[m\x1b[K \x1b[01;35m\x1b[Kwarning: \x1b[m\x1b[Kunused parameter \xe2\x80\x98\x1b[01m\x1b[KansType\x1b[m\x1b[K\xe2\x80\x99 [\x1b[01;35m\x1b[K-Wunused-parameter\x1b[m\x1b[K]\n'}
[49.539743] (rplidar_ros) StderrLine: {'line': b'   54 |         virtual void onCustomSampleDataDecoded(\x1b[01;35m\x1b[K_u8 ansType\x1b[m\x1b[K, _u32 customCode, const void* data, size_t size) {}\n'}
[49.540485] (rplidar_ros) StderrLine: {'line': b'      |                                                \x1b[01;35m\x1b[K~~~~^~~~~~~\x1b[m\x1b[K\n'}
[49.541393] (rplidar_ros) StderrLine: {'line': b'\x1b[01m\x1b[K/root/humble_ws/src/rplidar_ros/sdk/src/dataunpacker/unpacker/../dataunpacker.h:54:66:\x1b[m\x1b[K \x1b[01;35m\x1b[Kwarning: \x1b[m\x1b[Kunused parameter \xe2\x80\x98\x1b[01m\x1b[KcustomCode\x1b[m\x1b[K\xe2\x80\x99 [\x1b[01;35m\x1b[K-Wunused-parameter\x1b[m\x1b[K]\n'}
[49.542182] (rplidar_ros) StderrLine: {'line': b'   54 |         virtual void onCustomSampleDataDecoded(_u8 ansType, \x1b[01;35m\x1b[K_u32 customCode\x1b[m\x1b[K, const void* data, size_t size) {}\n'}
[49.542974] (rplidar_ros) StderrLine: {'line': b'      |                                                             \x1b[01;35m\x1b[K~~~~~^~~~~~~~~~\x1b[m\x1b[K\n'}
[49.543926] (rplidar_ros) StderrLine: {'line': b'\x1b[01m\x1b[K/root/humble_ws/src/rplidar_ros/sdk/src/dataunpacker/unpacker/../dataunpacker.h:54:90:\x1b[m\x1b[K \x1b[01;35m\x1b[Kwarning: \x1b[m\x1b[Kunused parameter \xe2\x80\x98\x1b[01m\x1b[Kdata\x1b[m\x1b[K\xe2\x80\x99 [\x1b[01;35m\x1b[K-Wunused-parameter\x1b[m\x1b[K]\n'}
[49.544804] (rplidar_ros) StderrLine: {'line': b'   54 |         virtual void onCustomSampleDataDecoded(_u8 ansType, _u32 customCode, \x1b[01;35m\x1b[Kconst void* data\x1b[m\x1b[K, size_t size) {}\n'}
[49.545596] (rplidar_ros) StderrLine: {'line': b'      |                                                                              \x1b[01;35m\x1b[K~~~~~~~~~~~~^~~~\x1b[m\x1b[K\n'}
[49.546436] (rplidar_ros) StderrLine: {'line': b'\x1b[01m\x1b[K/root/humble_ws/src/rplidar_ros/sdk/src/dataunpacker/unpacker/../dataunpacker.h:54:103:\x1b[m\x1b[K \x1b[01;35m\x1b[Kwarning: \x1b[m\x1b[Kunused parameter \xe2\x80\x98\x1b[01m\x1b[Ksize\x1b[m\x1b[K\xe2\x80\x99 [\x1b[01;35m\x1b[K-Wunused-parameter\x1b[m\x1b[K]\n'}
[49.547201] (rplidar_ros) StderrLine: {'line': b'   54 |         virtual void onCustomSampleDataDecoded(_u8 ansType, _u32 customCode, const void* data, \x1b[01;35m\x1b[Ksize_t size\x1b[m\x1b[K) {}\n'}
[49.547890] (rplidar_ros) StderrLine: {'line': b'      |                                                                                                \x1b[01;35m\x1b[K~~~~~~~^~~~\x1b[m\x1b[K\n'}
[49.548859] (rplidar_ros) StderrLine: {'line': b'\x1b[01m\x1b[K/root/humble_ws/src/rplidar_ros/sdk/src/dataunpacker/unpacker/../dataunpacker.h:\x1b[m\x1b[K In member function \xe2\x80\x98\x1b[01m\x1b[Kvirtual void sl::internal::LIDARSampleDataListener::onDecodingError(int, _u8, const void*, size_t)\x1b[m\x1b[K\xe2\x80\x99:\n'}
[49.549578] (rplidar_ros) StderrLine: {'line': b'\x1b[01m\x1b[K/root/humble_ws/src/rplidar_ros/sdk/src/dataunpacker/unpacker/../dataunpacker.h:56:42:\x1b[m\x1b[K \x1b[01;35m\x1b[Kwarning: \x1b[m\x1b[Kunused parameter \xe2\x80\x98\x1b[01m\x1b[KerrMsg\x1b[m\x1b[K\xe2\x80\x99 [\x1b[01;35m\x1b[K-Wunused-parameter\x1b[m\x1b[K]\n'}
[49.550328] (rplidar_ros) StderrLine: {'line': b'   56 |         virtual void onDecodingError(\x1b[01;35m\x1b[Kint errMsg\x1b[m\x1b[K, _u8 ansType, const void* payload, size_t size) {}\n'}
[49.551015] (rplidar_ros) StderrLine: {'line': b'      |                                      \x1b[01;35m\x1b[K~~~~^~~~~~\x1b[m\x1b[K\n'}
[49.552716] (rplidar_ros) StderrLine: {'line': b'\x1b[01m\x1b[K/root/humble_ws/src/rplidar_ros/sdk/src/dataunpacker/unpacker/../dataunpacker.h:56:54:\x1b[m\x1b[K \x1b[01;35m\x1b[Kwarning: \x1b[m\x1b[Kunused parameter \xe2\x80\x98\x1b[01m\x1b[KansType\x1b[m\x1b[K\xe2\x80\x99 [\x1b[01;35m\x1b[K-Wunused-parameter\x1b[m\x1b[K]\n'}
[49.553288] (rplidar_ros) StderrLine: {'line': b'   56 |         virtual void onDecodingError(int errMsg, \x1b[01;35m\x1b[K_u8 ansType\x1b[m\x1b[K, const void* payload, size_t size) {}\n'}
[49.553730] (rplidar_ros) StderrLine: {'line': b'      |                                                  \x1b[01;35m\x1b[K~~~~^~~~~~~\x1b[m\x1b[K\n'}
[49.554134] (-) TimerEvent: {}
[49.565505] (rplidar_ros) StderrLine: {'line': b'\x1b[01m\x1b[K/root/humble_ws/src/rplidar_ros/sdk/src/dataunpacker/unpacker/../dataunpacker.h:56:75:\x1b[m\x1b[K \x1b[01;35m\x1b[Kwarning: \x1b[m\x1b[Kunused parameter \xe2\x80\x98\x1b[01m\x1b[Kpayload\x1b[m\x1b[K\xe2\x80\x99 [\x1b[01;35m\x1b[K-Wunused-parameter\x1b[m\x1b[K]\n'}
[49.566158] (rplidar_ros) StderrLine: {'line': b'   56 |         virtual void onDecodingError(int errMsg, _u8 ansType, \x1b[01;35m\x1b[Kconst void* payload\x1b[m\x1b[K, size_t size) {}\n'}
[49.566673] (rplidar_ros) StderrLine: {'line': b'      |                                                               \x1b[01;35m\x1b[K~~~~~~~~~~~~^~~~~~~\x1b[m\x1b[K\n'}
[49.567186] (rplidar_ros) StderrLine: {'line': b'\x1b[01m\x1b[K/root/humble_ws/src/rplidar_ros/sdk/src/dataunpacker/unpacker/../dataunpacker.h:56:91:\x1b[m\x1b[K \x1b[01;35m\x1b[Kwarning: \x1b[m\x1b[Kunused parameter \xe2\x80\x98\x1b[01m\x1b[Ksize\x1b[m\x1b[K\xe2\x80\x99 [\x1b[01;35m\x1b[K-Wunused-parameter\x1b[m\x1b[K]\n'}
[49.567696] (rplidar_ros) StderrLine: {'line': b'   56 |         virtual void onDecodingError(int errMsg, _u8 ansType, const void* payload, \x1b[01;35m\x1b[Ksize_t size\x1b[m\x1b[K) {}\n'}
[49.568182] (rplidar_ros) StderrLine: {'line': b'      |                                                                                    \x1b[01;35m\x1b[K~~~~~~~^~~~\x1b[m\x1b[K\n'}
[49.651031] (rplidar_ros) StderrLine: {'line': b'In file included from \x1b[01m\x1b[K/root/humble_ws/src/rplidar_ros/sdk/include/rplidar_protocol.h:36\x1b[m\x1b[K,\n'}
[49.652159] (rplidar_ros) StderrLine: {'line': b'                 from \x1b[01m\x1b[K/root/humble_ws/src/rplidar_ros/sdk/include/rplidar.h:39\x1b[m\x1b[K,\n'}
[49.653158] (rplidar_ros) StderrLine: {'line': b'                 from \x1b[01m\x1b[K/root/humble_ws/src/rplidar_ros/sdk/src/sdkcommon.h:49\x1b[m\x1b[K,\n'}
[49.653721] (rplidar_ros) StderrLine: {'line': b'                 from \x1b[01m\x1b[K/root/humble_ws/src/rplidar_ros/sdk/src/dataunpacker/unpacker/../dataunnpacker_commondef.h:41\x1b[m\x1b[K,\n'}
[49.654175] (-) TimerEvent: {}
[49.655819] (rplidar_ros) StderrLine: {'line': b'                 from \x1b[01m\x1b[K/root/humble_ws/src/rplidar_ros/sdk/src/dataunpacker/unpacker/handler_normalnode.cpp:39\x1b[m\x1b[K:\n'}
[49.656844] (rplidar_ros) StderrLine: {'line': b'\x1b[01m\x1b[K/root/humble_ws/src/rplidar_ros/sdk/include/sl_lidar_protocol.h:66:16:\x1b[m\x1b[K \x1b[01;35m\x1b[Kwarning: \x1b[m\x1b[KISO C++ forbids zero-size array \xe2\x80\x98\x1b[01m\x1b[Kdata\x1b[m\x1b[K\xe2\x80\x99 [\x1b[01;35m\x1b[K-Wpedantic\x1b[m\x1b[K]\n'}
[49.657367] (rplidar_ros) StderrLine: {'line': b'   66 |     sl_u8 data[\x1b[01;35m\x1b[K0\x1b[m\x1b[K];\n'}
[49.657855] (rplidar_ros) StderrLine: {'line': b'      |                \x1b[01;35m\x1b[K^\x1b[m\x1b[K\n'}
[49.658307] (rplidar_ros) StderrLine: {'line': b'In file included from \x1b[01m\x1b[K/root/humble_ws/src/rplidar_ros/sdk/include/rplidar_cmd.h:36\x1b[m\x1b[K,\n'}
[49.658760] (rplidar_ros) StderrLine: {'line': b'                 from \x1b[01m\x1b[K/root/humble_ws/src/rplidar_ros/sdk/include/rplidar.h:40\x1b[m\x1b[K,\n'}
[49.659247] (rplidar_ros) StderrLine: {'line': b'                 from \x1b[01m\x1b[K/root/humble_ws/src/rplidar_ros/sdk/src/sdkcommon.h:49\x1b[m\x1b[K,\n'}
[49.659689] (rplidar_ros) StderrLine: {'line': b'                 from \x1b[01m\x1b[K/root/humble_ws/src/rplidar_ros/sdk/src/dataunpacker/unpacker/../dataunnpacker_commondef.h:41\x1b[m\x1b[K,\n'}
[49.660086] (rplidar_ros) StderrLine: {'line': b'                 from \x1b[01m\x1b[K/root/humble_ws/src/rplidar_ros/sdk/src/dataunpacker/unpacker/handler_normalnode.cpp:39\x1b[m\x1b[K:\n'}
[49.660505] (rplidar_ros) StderrLine: {'line': b'\x1b[01m\x1b[K/root/humble_ws/src/rplidar_ros/sdk/include/sl_lidar_cmd.h:324:20:\x1b[m\x1b[K \x1b[01;35m\x1b[Kwarning: \x1b[m\x1b[KISO C++ forbids zero-size array \xe2\x80\x98\x1b[01m\x1b[Kpayload\x1b[m\x1b[K\xe2\x80\x99 [\x1b[01;35m\x1b[K-Wpedantic\x1b[m\x1b[K]\n'}
[49.661026] (rplidar_ros) StderrLine: {'line': b'  324 |     sl_u8  payload[\x1b[01;35m\x1b[K0\x1b[m\x1b[K];\n'}
[49.661467] (rplidar_ros) StderrLine: {'line': b'      |                    \x1b[01;35m\x1b[K^\x1b[m\x1b[K\n'}
[49.754389] (-) TimerEvent: {}
[49.855100] (-) TimerEvent: {}
[49.914983] (rplidar_ros) StdoutLine: {'line': b'[ 76%] \x1b[32m\x1b[1mLinking CXX executable rplidar_client\x1b[0m\n'}
[49.955277] (-) TimerEvent: {}
[50.056232] (-) TimerEvent: {}
[50.151045] (rplidar_ros) StdoutLine: {'line': b'[ 78%] \x1b[32mBuilding CXX object CMakeFiles/rplidar_node.dir/sdk/src/rplidar_driver.cpp.o\x1b[0m\n'}
[50.156436] (-) TimerEvent: {}
[50.257220] (-) TimerEvent: {}
[50.358955] (-) TimerEvent: {}
[50.460281] (-) TimerEvent: {}
[50.534482] (rplidar_ros) StderrLine: {'line': b'In file included from \x1b[01m\x1b[K/root/humble_ws/src/rplidar_ros/sdk/include/rplidar_protocol.h:36\x1b[m\x1b[K,\n'}
[50.535480] (rplidar_ros) StderrLine: {'line': b'                 from \x1b[01m\x1b[K/root/humble_ws/src/rplidar_ros/sdk/include/rplidar.h:39\x1b[m\x1b[K,\n'}
[50.536138] (rplidar_ros) StderrLine: {'line': b'                 from \x1b[01m\x1b[K/root/humble_ws/src/rplidar_ros/sdk/src/sdkcommon.h:49\x1b[m\x1b[K,\n'}
[50.536810] (rplidar_ros) StderrLine: {'line': b'                 from \x1b[01m\x1b[K/root/humble_ws/src/rplidar_ros/sdk/src/hal/thread.cpp:35\x1b[m\x1b[K:\n'}
[50.537370] (rplidar_ros) StderrLine: {'line': b'\x1b[01m\x1b[K/root/humble_ws/src/rplidar_ros/sdk/include/sl_lidar_protocol.h:66:16:\x1b[m\x1b[K \x1b[01;35m\x1b[Kwarning: \x1b[m\x1b[KISO C++ forbids zero-size array \xe2\x80\x98\x1b[01m\x1b[Kdata\x1b[m\x1b[K\xe2\x80\x99 [\x1b[01;35m\x1b[K-Wpedantic\x1b[m\x1b[K]\n'}
[50.537873] (rplidar_ros) StderrLine: {'line': b'   66 |     sl_u8 data[\x1b[01;35m\x1b[K0\x1b[m\x1b[K];\n'}
[50.538355] (rplidar_ros) StderrLine: {'line': b'      |                \x1b[01;35m\x1b[K^\x1b[m\x1b[K\n'}
[50.539164] (rplidar_ros) StderrLine: {'line': b'In file included from \x1b[01m\x1b[K/root/humble_ws/src/rplidar_ros/sdk/include/rplidar_cmd.h:36\x1b[m\x1b[K,\n'}
[50.539719] (rplidar_ros) StderrLine: {'line': b'                 from \x1b[01m\x1b[K/root/humble_ws/src/rplidar_ros/sdk/include/rplidar.h:40\x1b[m\x1b[K,\n'}
[50.540244] (rplidar_ros) StderrLine: {'line': b'                 from \x1b[01m\x1b[K/root/humble_ws/src/rplidar_ros/sdk/src/sdkcommon.h:49\x1b[m\x1b[K,\n'}
[50.541139] (rplidar_ros) StderrLine: {'line': b'                 from \x1b[01m\x1b[K/root/humble_ws/src/rplidar_ros/sdk/src/hal/thread.cpp:35\x1b[m\x1b[K:\n'}
[50.541752] (rplidar_ros) StderrLine: {'line': b'\x1b[01m\x1b[K/root/humble_ws/src/rplidar_ros/sdk/include/sl_lidar_cmd.h:324:20:\x1b[m\x1b[K \x1b[01;35m\x1b[Kwarning: \x1b[m\x1b[KISO C++ forbids zero-size array \xe2\x80\x98\x1b[01m\x1b[Kpayload\x1b[m\x1b[K\xe2\x80\x99 [\x1b[01;35m\x1b[K-Wpedantic\x1b[m\x1b[K]\n'}
[50.542408] (rplidar_ros) StderrLine: {'line': b'  324 |     sl_u8  payload[\x1b[01;35m\x1b[K0\x1b[m\x1b[K];\n'}
[50.543017] (rplidar_ros) StderrLine: {'line': b'      |                    \x1b[01;35m\x1b[K^\x1b[m\x1b[K\n'}
[50.560484] (-) TimerEvent: {}
[50.630852] (rplidar_ros) StderrLine: {'line': b'In file included from \x1b[01m\x1b[K/root/humble_ws/src/rplidar_ros/sdk/src/dataunpacker/unpacker/handler_normalnode.cpp:40\x1b[m\x1b[K:\n'}
[50.631855] (rplidar_ros) StderrLine: {'line': b'\x1b[01m\x1b[K/root/humble_ws/src/rplidar_ros/sdk/src/dataunpacker/unpacker/../dataunpacker.h:\x1b[m\x1b[K In member function \xe2\x80\x98\x1b[01m\x1b[Kvirtual void sl::internal::LIDARSampleDataListener::onCustomSampleDataDecoded(_u8, _u32, const void*, size_t)\x1b[m\x1b[K\xe2\x80\x99:\n'}
[50.632816] (rplidar_ros) StderrLine: {'line': b'\x1b[01m\x1b[K/root/humble_ws/src/rplidar_ros/sdk/src/dataunpacker/unpacker/../dataunpacker.h:54:52:\x1b[m\x1b[K \x1b[01;35m\x1b[Kwarning: \x1b[m\x1b[Kunused parameter \xe2\x80\x98\x1b[01m\x1b[KansType\x1b[m\x1b[K\xe2\x80\x99 [\x1b[01;35m\x1b[K-Wunused-parameter\x1b[m\x1b[K]\n'}
[50.633760] (rplidar_ros) StderrLine: {'line': b'   54 |         virtual void onCustomSampleDataDecoded(\x1b[01;35m\x1b[K_u8 ansType\x1b[m\x1b[K, _u32 customCode, const void* data, size_t size) {}\n'}
[50.634701] (rplidar_ros) StderrLine: {'line': b'      |                                                \x1b[01;35m\x1b[K~~~~^~~~~~~\x1b[m\x1b[K\n'}
[50.635812] (rplidar_ros) StderrLine: {'line': b'\x1b[01m\x1b[K/root/humble_ws/src/rplidar_ros/sdk/src/dataunpacker/unpacker/../dataunpacker.h:54:66:\x1b[m\x1b[K \x1b[01;35m\x1b[Kwarning: \x1b[m\x1b[Kunused parameter \xe2\x80\x98\x1b[01m\x1b[KcustomCode\x1b[m\x1b[K\xe2\x80\x99 [\x1b[01;35m\x1b[K-Wunused-parameter\x1b[m\x1b[K]\n'}
[50.636846] (rplidar_ros) StderrLine: {'line': b'   54 |         virtual void onCustomSampleDataDecoded(_u8 ansType, \x1b[01;35m\x1b[K_u32 customCode\x1b[m\x1b[K, const void* data, size_t size) {}\n'}
[50.637711] (rplidar_ros) StderrLine: {'line': b'      |                                                             \x1b[01;35m\x1b[K~~~~~^~~~~~~~~~\x1b[m\x1b[K\n'}
[50.638671] (rplidar_ros) StderrLine: {'line': b'\x1b[01m\x1b[K/root/humble_ws/src/rplidar_ros/sdk/src/dataunpacker/unpacker/../dataunpacker.h:54:90:\x1b[m\x1b[K \x1b[01;35m\x1b[Kwarning: \x1b[m\x1b[Kunused parameter \xe2\x80\x98\x1b[01m\x1b[Kdata\x1b[m\x1b[K\xe2\x80\x99 [\x1b[01;35m\x1b[K-Wunused-parameter\x1b[m\x1b[K]\n'}
[50.639547] (rplidar_ros) StderrLine: {'line': b'   54 | virtual void onCustomSampleDataDecoded(_u8 ansType, _u32 customCode, \x1b[01;35m\x1b[Kconst void* data\x1b[m\x1b[K, size_t size) {}\n'}
[50.640432] (rplidar_ros) StderrLine: {'line': b'      |                                                                      \x1b[01;35m\x1b[K~~~~~~~~~~~~^~~~\x1b[m\x1b[K\n'}
[50.641399] (rplidar_ros) StderrLine: {'line': b'\n'}
[50.642156] (rplidar_ros) StderrLine: {'line': b'\x1b[01m\x1b[K/root/humble_ws/src/rplidar_ros/sdk/src/dataunpacker/unpacker/../dataunpacker.h:54:103:\x1b[m\x1b[K \x1b[01;35m\x1b[Kwarning: \x1b[m\x1b[Kunused parameter \xe2\x80\x98\x1b[01m\x1b[Ksize\x1b[m\x1b[K\xe2\x80\x99 [\x1b[01;35m\x1b[K-Wunused-parameter\x1b[m\x1b[K]\n'}
[50.642755] (rplidar_ros) StderrLine: {'line': b'   54 | id onCustomSampleDataDecoded(_u8 ansType, _u32 customCode, const void* data, \x1b[01;35m\x1b[Ksize_t size\x1b[m\x1b[K) {}\n'}
[50.643344] (rplidar_ros) StderrLine: {'line': b'      |                                                                              \x1b[01;35m\x1b[K~~~~~~~^~~~\x1b[m\x1b[K\n'}
[50.643912] (rplidar_ros) StderrLine: {'line': b'\n'}
[50.644488] (rplidar_ros) StderrLine: {'line': b'\x1b[01m\x1b[K/root/humble_ws/src/rplidar_ros/sdk/src/dataunpacker/unpacker/../dataunpacker.h:\x1b[m\x1b[K In member function \xe2\x80\x98\x1b[01m\x1b[Kvirtual void sl::internal::LIDARSampleDataListener::onDecodingError(int, _u8, const void*, size_t)\x1b[m\x1b[K\xe2\x80\x99:\n'}
[50.645060] (rplidar_ros) StderrLine: {'line': b'\x1b[01m\x1b[K/root/humble_ws/src/rplidar_ros/sdk/src/dataunpacker/unpacker/../dataunpacker.h:56:42:\x1b[m\x1b[K \x1b[01;35m\x1b[Kwarning: \x1b[m\x1b[Kunused parameter \xe2\x80\x98\x1b[01m\x1b[KerrMsg\x1b[m\x1b[K\xe2\x80\x99 [\x1b[01;35m\x1b[K-Wunused-parameter\x1b[m\x1b[K]\n'}
[50.645565] (rplidar_ros) StderrLine: {'line': b'   56 |         virtual void onDecodingError(\x1b[01;35m\x1b[Kint errMsg\x1b[m\x1b[K, _u8 ansType, const void* payload, size_t size) {}\n'}
[50.646070] (rplidar_ros) StderrLine: {'line': b'      |                                      \x1b[01;35m\x1b[K~~~~^~~~~~\x1b[m\x1b[K\n'}
[50.660704] (rplidar_ros) StderrLine: {'line': b'\x1b[01m\x1b[K/root/humble_ws/src/rplidar_ros/sdk/src/dataunpacker/unpacker/../dataunpacker.h:56:54:\x1b[m\x1b[K \x1b[01;35m\x1b[Kwarning: \x1b[m\x1b[Kunused parameter \xe2\x80\x98\x1b[01m\x1b[KansType\x1b[m\x1b[K\xe2\x80\x99 [\x1b[01;35m\x1b[K-Wunused-parameter\x1b[m\x1b[K]\n'}
[50.661325] (-) TimerEvent: {}
[50.661867] (rplidar_ros) StderrLine: {'line': b'   56 |         virtual void onDecodingError(int errMsg, \x1b[01;35m\x1b[K_u8 ansType\x1b[m\x1b[K, const void* payload, size_t size) {}\n'}
[50.662387] (rplidar_ros) StderrLine: {'line': b'      |                                                  \x1b[01;35m\x1b[K~~~~^~~~~~~\x1b[m\x1b[K\n'}
[50.662919] (rplidar_ros) StderrLine: {'line': b'\x1b[01m\x1b[K/root/humble_ws/src/rplidar_ros/sdk/src/dataunpacker/unpacker/../dataunpacker.h:56:75:\x1b[m\x1b[K \x1b[01;35m\x1b[Kwarning: \x1b[m\x1b[Kunused parameter \xe2\x80\x98\x1b[01m\x1b[Kpayload\x1b[m\x1b[K\xe2\x80\x99 [\x1b[01;35m\x1b[K-Wunused-parameter\x1b[m\x1b[K]\n'}
[50.663549] (rplidar_ros) StderrLine: {'line': b'   56 |         virtual void onDecodingError(int errMsg, _u8 ansType, \x1b[01;35m\x1b[Kconst void* payload\x1b[m\x1b[K, size_t size) {}\n'}
[50.664174] (rplidar_ros) StderrLine: {'line': b'      |                                                               \x1b[01;35m\x1b[K~~~~~~~~~~~~^~~~~~~\x1b[m\x1b[K\n'}
[50.664857] (rplidar_ros) StderrLine: {'line': b'\x1b[01m\x1b[K/root/humble_ws/src/rplidar_ros/sdk/src/dataunpacker/unpacker/../dataunpacker.h:56:91:\x1b[m\x1b[K \x1b[01;35m\x1b[Kwarning: \x1b[m\x1b[Kunused parameter \xe2\x80\x98\x1b[01m\x1b[Ksize\x1b[m\x1b[K\xe2\x80\x99 [\x1b[01;35m\x1b[K-Wunused-parameter\x1b[m\x1b[K]\n'}
[50.665483] (rplidar_ros) StderrLine: {'line': b'   56 |   virtual void onDecodingError(int errMsg, _u8 ansType, const void* payload, \x1b[01;35m\x1b[Ksize_t size\x1b[m\x1b[K) {}\n'}
[50.665976] (rplidar_ros) StderrLine: {'line': b'      |                                                                              \x1b[01;35m\x1b[K~~~~~~~^~~~\x1b[m\x1b[K\n'}
[50.666468] (rplidar_ros) StderrLine: {'line': b'\n'}
[50.761536] (-) TimerEvent: {}
[50.801327] (rplidar_ros) StderrLine: {'line': b'In file included from \x1b[01m\x1b[K/root/humble_ws/src/rplidar_ros/sdk/src/hal/thread.cpp:43\x1b[m\x1b[K:\n'}
[50.802504] (rplidar_ros) StderrLine: {'line': b'\x1b[01m\x1b[K/root/humble_ws/src/rplidar_ros/sdk/src/arch/linux/thread.hpp:\x1b[m\x1b[K In static member function \xe2\x80\x98\x1b[01m\x1b[Kstatic rp::hal::Thread rp::hal::Thread::create(thread_proc_t, void*)\x1b[m\x1b[K\xe2\x80\x99:\n'}
[50.803671] (rplidar_ros) StderrLine: {'line': b'\x1b[01m\x1b[K/root/humble_ws/src/rplidar_ros/sdk/src/arch/linux/thread.hpp:52:57:\x1b[m\x1b[K \x1b[01;35m\x1b[Kwarning: \x1b[m\x1b[Kcast between incompatible function types from \xe2\x80\x98\x1b[01m\x1b[Kthread_proc_t\x1b[m\x1b[K\xe2\x80\x99 {aka \xe2\x80\x98\x1b[01m\x1b[Klong unsigned int (*)(void*)\x1b[m\x1b[K\xe2\x80\x99} to \xe2\x80\x98\x1b[01m\x1b[Kvoid* (*)(void*)\x1b[m\x1b[K\xe2\x80\x99 [\x1b[01;35m\x1b[K-Wcast-function-type\x1b[m\x1b[K]\n'}
[50.804866] (rplidar_ros) StderrLine: {'line': b'   52 |     pthread_create((pthread_t *)&newborn._handle, NULL, \x1b[01;35m\x1b[K(void * (*)(void *))proc\x1b[m\x1b[K, data);\n'}
[50.806625] (rplidar_ros) StderrLine: {'line': b'      |                                                         \x1b[01;35m\x1b[K^~~~~~~~~~~~~~~~~~~~~~~~\x1b[m\x1b[K\n'}
[50.810941] (rplidar_ros) StderrLine: {'line': b'\x1b[01m\x1b[K/root/humble_ws/src/rplidar_ros/sdk/src/arch/linux/thread.hpp:\x1b[m\x1b[K In member function \xe2\x80\x98\x1b[01m\x1b[Ku_result rp::hal::Thread::join(long unsigned int)\x1b[m\x1b[K\xe2\x80\x99:\n'}
[50.812090] (rplidar_ros) StderrLine: {'line': b'\x1b[01m\x1b[K/root/humble_ws/src/rplidar_ros/sdk/src/arch/linux/thread.hpp:176:37:\x1b[m\x1b[K \x1b[01;35m\x1b[Kwarning: \x1b[m\x1b[Kunused parameter \xe2\x80\x98\x1b[01m\x1b[Ktimeout\x1b[m\x1b[K\xe2\x80\x99 [\x1b[01;35m\x1b[K-Wunused-parameter\x1b[m\x1b[K]\n'}
[50.812985] (rplidar_ros) StderrLine: {'line': b'  176 | u_result Thread::join(\x1b[01;35m\x1b[Kunsigned long timeout\x1b[m\x1b[K)\n'}
[50.813848] (rplidar_ros) StderrLine: {'line': b'      |                       \x1b[01;35m\x1b[K~~~~~~~~~~~~~~^~~~~~~\x1b[m\x1b[K\n'}
[50.861727] (-) TimerEvent: {}
[50.962430] (-) TimerEvent: {}
[51.063670] (-) TimerEvent: {}
[51.165273] (-) TimerEvent: {}
[51.214961] (rplidar_ros) StdoutLine: {'line': b'[ 81%] \x1b[32mBuilding CXX object CMakeFiles/rplidar_node.dir/sdk/src/sl_async_transceiver.cpp.o\x1b[0m\n'}
[51.217072] (rplidar_ros) StdoutLine: {'line': b'[ 84%] \x1b[32mBuilding CXX object CMakeFiles/rplidar_node.dir/sdk/src/sl_crc.cpp.o\x1b[0m\n'}
[51.265451] (-) TimerEvent: {}
[51.292726] (rplidar_ros) StderrLine: {'line': b'In file included from \x1b[01m\x1b[K/root/humble_ws/src/rplidar_ros/sdk/include/sl_lidar_cmd.h:41\x1b[m\x1b[K,\n'}
[51.294072] (rplidar_ros) StderrLine: {'line': b'                 from \x1b[01m\x1b[K/root/humble_ws/src/rplidar_ros/sdk/include/sl_crc.h:36\x1b[m\x1b[K,\n'}
[51.294633] (rplidar_ros) StderrLine: {'line': b'                 from \x1b[01m\x1b[K/root/humble_ws/src/rplidar_ros/sdk/src/sl_crc.cpp:33\x1b[m\x1b[K:\n'}
[51.295434] (rplidar_ros) StderrLine: {'line': b'\x1b[01m\x1b[K/root/humble_ws/src/rplidar_ros/sdk/include/sl_lidar_protocol.h:66:16:\x1b[m\x1b[K \x1b[01;35m\x1b[Kwarning: \x1b[m\x1b[KISO C++ forbids zero-size array \xe2\x80\x98\x1b[01m\x1b[Kdata\x1b[m\x1b[K\xe2\x80\x99 [\x1b[01;35m\x1b[K-Wpedantic\x1b[m\x1b[K]\n'}
[51.295890] (rplidar_ros) StderrLine: {'line': b'   66 |     sl_u8 data[\x1b[01;35m\x1b[K0\x1b[m\x1b[K];\n'}
[51.296326] (rplidar_ros) StderrLine: {'line': b'      |                \x1b[01;35m\x1b[K^\x1b[m\x1b[K\n'}
[51.297186] (rplidar_ros) StderrLine: {'line': b'In file included from \x1b[01m\x1b[K/root/humble_ws/src/rplidar_ros/sdk/include/sl_crc.h:36\x1b[m\x1b[K,\n'}
[51.297661] (rplidar_ros) StderrLine: {'line': b'                 from \x1b[01m\x1b[K/root/humble_ws/src/rplidar_ros/sdk/src/sl_crc.cpp:33\x1b[m\x1b[K:\n'}
[51.298078] (rplidar_ros) StderrLine: {'line': b'\x1b[01m\x1b[K/root/humble_ws/src/rplidar_ros/sdk/include/sl_lidar_cmd.h:324:20:\x1b[m\x1b[K \x1b[01;35m\x1b[Kwarning: \x1b[m\x1b[KISO C++ forbids zero-size array \xe2\x80\x98\x1b[01m\x1b[Kpayload\x1b[m\x1b[K\xe2\x80\x99 [\x1b[01;35m\x1b[K-Wpedantic\x1b[m\x1b[K]\n'}
[51.298504] (rplidar_ros) StderrLine: {'line': b'  324 |     sl_u8  payload[\x1b[01;35m\x1b[K0\x1b[m\x1b[K];\n'}
[51.298900] (rplidar_ros) StderrLine: {'line': b'      |                    \x1b[01;35m\x1b[K^\x1b[m\x1b[K\n'}
[51.362837] (rplidar_ros) StdoutLine: {'line': b'[ 86%] \x1b[32mBuilding CXX object CMakeFiles/rplidar_node.dir/sdk/src/sl_lidar_driver.cpp.o\x1b[0m\n'}
[51.365604] (-) TimerEvent: {}
[51.467662] (-) TimerEvent: {}
[51.569716] (-) TimerEvent: {}
[51.671822] (-) TimerEvent: {}
[51.773942] (-) TimerEvent: {}
[51.876179] (-) TimerEvent: {}
[51.893346] (rplidar_ros) StdoutLine: {'line': b'[ 86%] Built target rplidar_client\n'}
[51.924079] (rplidar_ros) StdoutLine: {'line': b'[ 89%] \x1b[32mBuilding CXX object CMakeFiles/rplidar_node.dir/sdk/src/sl_lidarprotocol_codec.cpp.o\x1b[0m\n'}
[51.976371] (-) TimerEvent: {}
[52.078544] (-) TimerEvent: {}
[52.081291] (rplidar_ros) StderrLine: {'line': b'In file included from \x1b[01m\x1b[K/root/humble_ws/src/rplidar_ros/sdk/include/rplidar_protocol.h:36\x1b[m\x1b[K,\n'}
[52.082060] (rplidar_ros) StderrLine: {'line': b'                 from \x1b[01m\x1b[K/root/humble_ws/src/rplidar_ros/sdk/include/rplidar.h:39\x1b[m\x1b[K,\n'}
[52.082742] (rplidar_ros) StderrLine: {'line': b'                 from \x1b[01m\x1b[K/root/humble_ws/src/rplidar_ros/sdk/src/sdkcommon.h:49\x1b[m\x1b[K,\n'}
[52.083343] (rplidar_ros) StderrLine: {'line': b'                 from \x1b[01m\x1b[K/root/humble_ws/src/rplidar_ros/sdk/src/rplidar_driver.cpp:33\x1b[m\x1b[K:\n'}
[52.083949] (rplidar_ros) StderrLine: {'line': b'\x1b[01m\x1b[K/root/humble_ws/src/rplidar_ros/sdk/include/sl_lidar_protocol.h:66:16:\x1b[m\x1b[K \x1b[01;35m\x1b[Kwarning: \x1b[m\x1b[KISO C++ forbids zero-size array \xe2\x80\x98\x1b[01m\x1b[Kdata\x1b[m\x1b[K\xe2\x80\x99 [\x1b[01;35m\x1b[K-Wpedantic\x1b[m\x1b[K]\n'}
[52.084706] (rplidar_ros) StderrLine: {'line': b'   66 |     sl_u8 data[\x1b[01;35m\x1b[K0\x1b[m\x1b[K];\n'}
[52.085483] (rplidar_ros) StderrLine: {'line': b'      |                \x1b[01;35m\x1b[K^\x1b[m\x1b[K\n'}
[52.088098] (rplidar_ros) StderrLine: {'line': b'In file included from \x1b[01m\x1b[K/root/humble_ws/src/rplidar_ros/sdk/include/rplidar_cmd.h:36\x1b[m\x1b[K,\n'}
[52.088856] (rplidar_ros) StderrLine: {'line': b'                 from \x1b[01m\x1b[K/root/humble_ws/src/rplidar_ros/sdk/include/rplidar.h:40\x1b[m\x1b[K,\n'}
[52.089499] (rplidar_ros) StderrLine: {'line': b'                 from \x1b[01m\x1b[K/root/humble_ws/src/rplidar_ros/sdk/src/sdkcommon.h:49\x1b[m\x1b[K,\n'}
[52.090062] (rplidar_ros) StderrLine: {'line': b'                 from \x1b[01m\x1b[K/root/humble_ws/src/rplidar_ros/sdk/src/rplidar_driver.cpp:33\x1b[m\x1b[K:\n'}
[52.090670] (rplidar_ros) StderrLine: {'line': b'\x1b[01m\x1b[K/root/humble_ws/src/rplidar_ros/sdk/include/sl_lidar_cmd.h:324:20:\x1b[m\x1b[K \x1b[01;35m\x1b[Kwarning: \x1b[m\x1b[KISO C++ forbids zero-size array \xe2\x80\x98\x1b[01m\x1b[Kpayload\x1b[m\x1b[K\xe2\x80\x99 [\x1b[01;35m\x1b[K-Wpedantic\x1b[m\x1b[K]\n'}
[52.091365] (rplidar_ros) StderrLine: {'line': b'  324 |     sl_u8  payload[\x1b[01;35m\x1b[K0\x1b[m\x1b[K];\n'}
[52.091990] (rplidar_ros) StderrLine: {'line': b'      |                    \x1b[01;35m\x1b[K^\x1b[m\x1b[K\n'}
[52.178726] (-) TimerEvent: {}
[52.280316] (-) TimerEvent: {}
[52.382297] (-) TimerEvent: {}
[52.484255] (-) TimerEvent: {}
[52.586840] (-) TimerEvent: {}
[52.688772] (-) TimerEvent: {}
[52.770619] (rplidar_ros) StderrLine: {'line': b'\x1b[01m\x1b[K/root/humble_ws/src/rplidar_ros/sdk/src/rplidar_driver.cpp:\x1b[m\x1b[K In member function \xe2\x80\x98\x1b[01m\x1b[Ku_result rp::standalone::rplidar::RPlidarDriver::connect(const char*, _u32, _u32)\x1b[m\x1b[K\xe2\x80\x99:\n'}
[52.771500] (rplidar_ros) StderrLine: {'line': b'\x1b[01m\x1b[K/root/humble_ws/src/rplidar_ros/sdk/src/rplidar_driver.cpp:67:77:\x1b[m\x1b[K \x1b[01;35m\x1b[Kwarning: \x1b[m\x1b[Kunused parameter \xe2\x80\x98\x1b[01m\x1b[Kflag\x1b[m\x1b[K\xe2\x80\x99 [\x1b[01;35m\x1b[K-Wunused-parameter\x1b[m\x1b[K]\n'}
[52.772230] (rplidar_ros) StderrLine: {'line': b'   67 |     u_result RPlidarDriver::connect(const char *path, _u32 portOrBaud, \x1b[01;35m\x1b[K_u32 flag\x1b[m\x1b[K)\n'}
[52.773019] (rplidar_ros) StderrLine: {'line': b'      |                                                                        \x1b[01;35m\x1b[K~~~~~^~~~\x1b[m\x1b[K\n'}
[52.774564] (rplidar_ros) StderrLine: {'line': b'\x1b[01m\x1b[K/root/humble_ws/src/rplidar_ros/sdk/src/rplidar_driver.cpp:\x1b[m\x1b[K In member function \xe2\x80\x98\x1b[01m\x1b[Ku_result rp::standalone::rplidar::RPlidarDriver::reset(_u32)\x1b[m\x1b[K\xe2\x80\x99:\n'}
[52.775361] (rplidar_ros) StderrLine: {'line': b'\x1b[01m\x1b[K/root/humble_ws/src/rplidar_ros/sdk/src/rplidar_driver.cpp:101:40:\x1b[m\x1b[K \x1b[01;35m\x1b[Kwarning: \x1b[m\x1b[Kunused parameter \xe2\x80\x98\x1b[01m\x1b[Ktimeout\x1b[m\x1b[K\xe2\x80\x99 [\x1b[01;35m\x1b[K-Wunused-parameter\x1b[m\x1b[K]\n'}
[52.776078] (rplidar_ros) StderrLine: {'line': b'  101 |     u_result RPlidarDriver::reset(\x1b[01;35m\x1b[K_u32 timeout\x1b[m\x1b[K)\n'}
[52.776869] (rplidar_ros) StderrLine: {'line': b'      |                                   \x1b[01;35m\x1b[K~~~~~^~~~~~~\x1b[m\x1b[K\n'}
[52.781777] (rplidar_ros) StderrLine: {'line': b'\x1b[01m\x1b[K/root/humble_ws/src/rplidar_ros/sdk/src/rplidar_driver.cpp:\x1b[m\x1b[K In member function \xe2\x80\x98\x1b[01m\x1b[Ku_result rp::standalone::rplidar::RPlidarDriver::getScanDataWithInterval(rplidar_response_measurement_node_t*, size_t&)\x1b[m\x1b[K\xe2\x80\x99:\n'}
[52.782695] (rplidar_ros) StderrLine: {'line': b'\x1b[01m\x1b[K/root/humble_ws/src/rplidar_ros/sdk/src/rplidar_driver.cpp:180:91:\x1b[m\x1b[K \x1b[01;35m\x1b[Kwarning: \x1b[m\x1b[Kunused parameter \xe2\x80\x98\x1b[01m\x1b[Knodebuffer\x1b[m\x1b[K\xe2\x80\x99 [\x1b[01;35m\x1b[K-Wunused-parameter\x1b[m\x1b[K]\n'}
[52.783437] (rplidar_ros) StderrLine: {'line': b'  180 |     u_result RPlidarDriver::getScanDataWithInterval(\x1b[01;35m\x1b[Krplidar_response_measurement_node_t * nodebuffer\x1b[m\x1b[K, size_t & count)\n'}
[52.784120] (rplidar_ros) StderrLine: {'line': b'      |                                                     \x1b[01;35m\x1b[K~~~~~~~~~~~~~~~~~~~~~~~~~~~~~~~~~~~~~~^~~~~~~~~~\x1b[m\x1b[K\n'}
[52.785306] (rplidar_ros) StderrLine: {'line': b'\x1b[01m\x1b[K/root/humble_ws/src/rplidar_ros/sdk/src/rplidar_driver.cpp:180:112:\x1b[m\x1b[K \x1b[01;35m\x1b[Kwarning: \x1b[m\x1b[Kunused parameter \xe2\x80\x98\x1b[01m\x1b[Kcount\x1b[m\x1b[K\xe2\x80\x99 [\x1b[01;35m\x1b[K-Wunused-parameter\x1b[m\x1b[K]\n'}
[52.785894] (rplidar_ros) StderrLine: {'line': b'  180 |     u_result RPlidarDriver::getScanDataWithInterval(rplidar_response_measurement_node_t * nodebuffer, \x1b[01;35m\x1b[Ksize_t & count\x1b[m\x1b[K)\n'}
[52.786361] (rplidar_ros) StderrLine: {'line': b'      |                                                                                                       \x1b[01;35m\x1b[K~~~~~~~~~^~~~~\x1b[m\x1b[K\n'}
[52.788934] (-) TimerEvent: {}
[52.890436] (-) TimerEvent: {}
[52.958103] (rplidar_ros) StderrLine: {'line': b'In file included from \x1b[01m\x1b[K/root/humble_ws/src/rplidar_ros/sdk/include/rplidar_protocol.h:36\x1b[m\x1b[K,\n'}
[52.958927] (rplidar_ros) StderrLine: {'line': b'                 from \x1b[01m\x1b[K/root/humble_ws/src/rplidar_ros/sdk/include/rplidar.h:39\x1b[m\x1b[K,\n'}
[52.959599] (rplidar_ros) StderrLine: {'line': b'                 from \x1b[01m\x1b[K/root/humble_ws/src/rplidar_ros/sdk/src/sdkcommon.h:49\x1b[m\x1b[K,\n'}
[52.960256] (rplidar_ros) StderrLine: {'line': b'                 from \x1b[01m\x1b[K/root/humble_ws/src/rplidar_ros/sdk/src/sl_async_transceiver.cpp:35\x1b[m\x1b[K:\n'}
[52.960972] (rplidar_ros) StderrLine: {'line': b'\x1b[01m\x1b[K/root/humble_ws/src/rplidar_ros/sdk/include/sl_lidar_protocol.h:66:16:\x1b[m\x1b[K \x1b[01;35m\x1b[Kwarning: \x1b[m\x1b[KISO C++ forbids zero-size array \xe2\x80\x98\x1b[01m\x1b[Kdata\x1b[m\x1b[K\xe2\x80\x99 [\x1b[01;35m\x1b[K-Wpedantic\x1b[m\x1b[K]\n'}
[52.961637] (rplidar_ros) StderrLine: {'line': b'   66 |     sl_u8 data[\x1b[01;35m\x1b[K0\x1b[m\x1b[K];\n'}
[52.962216] (rplidar_ros) StderrLine: {'line': b'      |                \x1b[01;35m\x1b[K^\x1b[m\x1b[K\n'}
[52.964903] (rplidar_ros) StderrLine: {'line': b'In file included from \x1b[01m\x1b[K/root/humble_ws/src/rplidar_ros/sdk/include/rplidar_cmd.h:36\x1b[m\x1b[K,\n'}
[52.965661] (rplidar_ros) StderrLine: {'line': b'                 from \x1b[01m\x1b[K/root/humble_ws/src/rplidar_ros/sdk/include/rplidar.h:40\x1b[m\x1b[K,\n'}
[52.966280] (rplidar_ros) StderrLine: {'line': b'                 from \x1b[01m\x1b[K/root/humble_ws/src/rplidar_ros/sdk/src/sdkcommon.h:49\x1b[m\x1b[K,\n'}
[52.966906] (rplidar_ros) StderrLine: {'line': b'                 from \x1b[01m\x1b[K/root/humble_ws/src/rplidar_ros/sdk/src/sl_async_transceiver.cpp:35\x1b[m\x1b[K:\n'}
[52.967559] (rplidar_ros) StderrLine: {'line': b'\x1b[01m\x1b[K/root/humble_ws/src/rplidar_ros/sdk/include/sl_lidar_cmd.h:324:20:\x1b[m\x1b[K \x1b[01;35m\x1b[Kwarning: \x1b[m\x1b[KISO C++ forbids zero-size array \xe2\x80\x98\x1b[01m\x1b[Kpayload\x1b[m\x1b[K\xe2\x80\x99 [\x1b[01;35m\x1b[K-Wpedantic\x1b[m\x1b[K]\n'}
[52.968276] (rplidar_ros) StderrLine: {'line': b'  324 |     sl_u8  payload[\x1b[01;35m\x1b[K0\x1b[m\x1b[K];\n'}
[52.969044] (rplidar_ros) StderrLine: {'line': b'      |                    \x1b[01;35m\x1b[K^\x1b[m\x1b[K\n'}
[52.990626] (-) TimerEvent: {}
[53.091993] (-) TimerEvent: {}
[53.193328] (-) TimerEvent: {}
[53.238485] (rplidar_ros) StderrLine: {'line': b'In file included from \x1b[01m\x1b[K/root/humble_ws/src/rplidar_ros/sdk/include/rplidar_protocol.h:36\x1b[m\x1b[K,\n'}
[53.239139] (rplidar_ros) StderrLine: {'line': b'                 from \x1b[01m\x1b[K/root/humble_ws/src/rplidar_ros/sdk/include/rplidar.h:39\x1b[m\x1b[K,\n'}
[53.239551] (rplidar_ros) StderrLine: {'line': b'                 from \x1b[01m\x1b[K/root/humble_ws/src/rplidar_ros/sdk/src/sdkcommon.h:49\x1b[m\x1b[K,\n'}
[53.239925] (rplidar_ros) StderrLine: {'line': b'                 from \x1b[01m\x1b[K/root/humble_ws/src/rplidar_ros/sdk/src/sl_lidar_driver.cpp:33\x1b[m\x1b[K:\n'}
[53.240329] (rplidar_ros) StderrLine: {'line': b'\x1b[01m\x1b[K/root/humble_ws/src/rplidar_ros/sdk/include/sl_lidar_protocol.h:66:16:\x1b[m\x1b[K \x1b[01;35m\x1b[Kwarning: \x1b[m\x1b[KISO C++ forbids zero-size array \xe2\x80\x98\x1b[01m\x1b[Kdata\x1b[m\x1b[K\xe2\x80\x99 [\x1b[01;35m\x1b[K-Wpedantic\x1b[m\x1b[K]\n'}
[53.240786] (rplidar_ros) StderrLine: {'line': b'   66 |     sl_u8 data[\x1b[01;35m\x1b[K0\x1b[m\x1b[K];\n'}
[53.241176] (rplidar_ros) StderrLine: {'line': b'      |                \x1b[01;35m\x1b[K^\x1b[m\x1b[K\n'}
[53.241835] (rplidar_ros) StderrLine: {'line': b'In file included from \x1b[01m\x1b[K/root/humble_ws/src/rplidar_ros/sdk/include/rplidar_cmd.h:36\x1b[m\x1b[K,\n'}
[53.242280] (rplidar_ros) StderrLine: {'line': b'                 from \x1b[01m\x1b[K/root/humble_ws/src/rplidar_ros/sdk/include/rplidar.h:40\x1b[m\x1b[K,\n'}
[53.242679] (rplidar_ros) StderrLine: {'line': b'                 from \x1b[01m\x1b[K/root/humble_ws/src/rplidar_ros/sdk/src/sdkcommon.h:49\x1b[m\x1b[K,\n'}
[53.243148] (rplidar_ros) StderrLine: {'line': b'                 from \x1b[01m\x1b[K/root/humble_ws/src/rplidar_ros/sdk/src/sl_lidar_driver.cpp:33\x1b[m\x1b[K:\n'}
[53.243529] (rplidar_ros) StderrLine: {'line': b'\x1b[01m\x1b[K/root/humble_ws/src/rplidar_ros/sdk/include/sl_lidar_cmd.h:324:20:\x1b[m\x1b[K \x1b[01;35m\x1b[Kwarning: \x1b[m\x1b[KISO C++ forbids zero-size array \xe2\x80\x98\x1b[01m\x1b[Kpayload\x1b[m\x1b[K\xe2\x80\x99 [\x1b[01;35m\x1b[K-Wpedantic\x1b[m\x1b[K]\n'}
[53.243943] (rplidar_ros) StderrLine: {'line': b'  324 |     sl_u8  payload[\x1b[01;35m\x1b[K0\x1b[m\x1b[K];\n'}
[53.244335] (rplidar_ros) StderrLine: {'line': b'      |                    \x1b[01;35m\x1b[K^\x1b[m\x1b[K\n'}
[53.276719] (rplidar_ros) StdoutLine: {'line': b'[ 92%] \x1b[32mBuilding CXX object CMakeFiles/rplidar_node.dir/sdk/src/sl_serial_channel.cpp.o\x1b[0m\n'}
[53.293517] (-) TimerEvent: {}
[53.395074] (-) TimerEvent: {}
[53.446650] (rplidar_ros) StderrLine: {'line': b'In file included from \x1b[01m\x1b[K/root/humble_ws/src/rplidar_ros/sdk/src/sl_async_transceiver.cpp:44\x1b[m\x1b[K:\n'}
[53.447479] (rplidar_ros) StderrLine: {'line': b'\x1b[01m\x1b[K/root/humble_ws/src/rplidar_ros/sdk/src/sl_async_transceiver.h:\x1b[m\x1b[K In member function \xe2\x80\x98\x1b[01m\x1b[Kvirtual void sl::internal::IAsyncProtocolCodec::onChannelError(u_result)\x1b[m\x1b[K\xe2\x80\x99:\n'}
[53.448149] (rplidar_ros) StderrLine: {'line': b'\x1b[01m\x1b[K/root/humble_ws/src/rplidar_ros/sdk/src/sl_async_transceiver.h:90:48:\x1b[m\x1b[K \x1b[01;35m\x1b[Kwarning: \x1b[m\x1b[Kunused parameter \xe2\x80\x98\x1b[01m\x1b[KerrCode\x1b[m\x1b[K\xe2\x80\x99 [\x1b[01;35m\x1b[K-Wunused-parameter\x1b[m\x1b[K]\n'}
[53.448843] (rplidar_ros) StderrLine: {'line': b'   90 |         virtual void   onChannelError(\x1b[01;35m\x1b[Ku_result errCode\x1b[m\x1b[K) {}\n'}
[53.449472] (rplidar_ros) StderrLine: {'line': b'      |                                       \x1b[01;35m\x1b[K~~~~~~~~~^~~~~~~\x1b[m\x1b[K\n'}
[53.495259] (-) TimerEvent: {}
[53.596822] (-) TimerEvent: {}
[53.698411] (-) TimerEvent: {}
[53.768466] (rplidar_ros) StderrLine: {'line': b'In file included from \x1b[01m\x1b[K/root/humble_ws/src/rplidar_ros/sdk/include/rplidar_protocol.h:36\x1b[m\x1b[K,\n'}
[53.769347] (rplidar_ros) StderrLine: {'line': b'                 from \x1b[01m\x1b[K/root/humble_ws/src/rplidar_ros/sdk/include/rplidar.h:39\x1b[m\x1b[K,\n'}
[53.770081] (rplidar_ros) StderrLine: {'line': b'                 from \x1b[01m\x1b[K/root/humble_ws/src/rplidar_ros/sdk/src/sdkcommon.h:49\x1b[m\x1b[K,\n'}
[53.770800] (rplidar_ros) StderrLine: {'line': b'                 from \x1b[01m\x1b[K/root/humble_ws/src/rplidar_ros/sdk/src/sl_lidarprotocol_codec.cpp:35\x1b[m\x1b[K:\n'}
[53.771557] (rplidar_ros) StderrLine: {'line': b'\x1b[01m\x1b[K/root/humble_ws/src/rplidar_ros/sdk/include/sl_lidar_protocol.h:66:16:\x1b[m\x1b[K \x1b[01;35m\x1b[Kwarning: \x1b[m\x1b[KISO C++ forbids zero-size array \xe2\x80\x98\x1b[01m\x1b[Kdata\x1b[m\x1b[K\xe2\x80\x99 [\x1b[01;35m\x1b[K-Wpedantic\x1b[m\x1b[K]\n'}
[53.772266] (rplidar_ros) StderrLine: {'line': b'   66 |     sl_u8 data[\x1b[01;35m\x1b[K0\x1b[m\x1b[K];\n'}
[53.772994] (rplidar_ros) StderrLine: {'line': b'      |                \x1b[01;35m\x1b[K^\x1b[m\x1b[K\n'}
[53.775751] (rplidar_ros) StderrLine: {'line': b'In file included from \x1b[01m\x1b[K/root/humble_ws/src/rplidar_ros/sdk/include/rplidar_cmd.h:36\x1b[m\x1b[K,\n'}
[53.776617] (rplidar_ros) StderrLine: {'line': b'                 from \x1b[01m\x1b[K/root/humble_ws/src/rplidar_ros/sdk/include/rplidar.h:40\x1b[m\x1b[K,\n'}
[53.777397] (rplidar_ros) StderrLine: {'line': b'                 from \x1b[01m\x1b[K/root/humble_ws/src/rplidar_ros/sdk/src/sdkcommon.h:49\x1b[m\x1b[K,\n'}
[53.778110] (rplidar_ros) StderrLine: {'line': b'                 from \x1b[01m\x1b[K/root/humble_ws/src/rplidar_ros/sdk/src/sl_lidarprotocol_codec.cpp:35\x1b[m\x1b[K:\n'}
[53.778869] (rplidar_ros) StderrLine: {'line': b'\x1b[01m\x1b[K/root/humble_ws/src/rplidar_ros/sdk/include/sl_lidar_cmd.h:324:20:\x1b[m\x1b[K \x1b[01;35m\x1b[Kwarning: \x1b[m\x1b[KISO C++ forbids zero-size array \xe2\x80\x98\x1b[01m\x1b[Kpayload\x1b[m\x1b[K\xe2\x80\x99 [\x1b[01;35m\x1b[K-Wpedantic\x1b[m\x1b[K]\n'}
[53.779693] (rplidar_ros) StderrLine: {'line': b'  324 |     sl_u8  payload[\x1b[01;35m\x1b[K0\x1b[m\x1b[K];\n'}
[53.780484] (rplidar_ros) StderrLine: {'line': b'      |                    \x1b[01;35m\x1b[K^\x1b[m\x1b[K\n'}
[53.798591] (-) TimerEvent: {}
[53.899518] (-) TimerEvent: {}
[54.000458] (-) TimerEvent: {}
[54.102853] (-) TimerEvent: {}
[54.112920] (rplidar_ros) StdoutLine: {'line': b'[ 94%] \x1b[32mBuilding CXX object CMakeFiles/rplidar_node.dir/sdk/src/sl_tcp_channel.cpp.o\x1b[0m\n'}
[54.203049] (-) TimerEvent: {}
[54.243442] (rplidar_ros) StderrLine: {'line': b'In file included from \x1b[01m\x1b[K/root/humble_ws/src/rplidar_ros/sdk/src/sl_lidar_driver.cpp:50\x1b[m\x1b[K:\n'}
[54.244285] (rplidar_ros) StderrLine: {'line': b'\x1b[01m\x1b[K/root/humble_ws/src/rplidar_ros/sdk/src/dataunpacker/dataunpacker.h:\x1b[m\x1b[K In member function \xe2\x80\x98\x1b[01m\x1b[Kvirtual void sl::internal::LIDARSampleDataListener::onCustomSampleDataDecoded(_u8, _u32, const void*, size_t)\x1b[m\x1b[K\xe2\x80\x99:\n'}
[54.245073] (rplidar_ros) StderrLine: {'line': b'\x1b[01m\x1b[K/root/humble_ws/src/rplidar_ros/sdk/src/dataunpacker/dataunpacker.h:54:52:\x1b[m\x1b[K \x1b[01;35m\x1b[Kwarning: \x1b[m\x1b[Kunused parameter \xe2\x80\x98\x1b[01m\x1b[KansType\x1b[m\x1b[K\xe2\x80\x99 [\x1b[01;35m\x1b[K-Wunused-parameter\x1b[m\x1b[K]\n'}
[54.245715] (rplidar_ros) StderrLine: {'line': b'   54 |         virtual void onCustomSampleDataDecoded(\x1b[01;35m\x1b[K_u8 ansType\x1b[m\x1b[K, _u32 customCode, const void* data, size_t size) {}\n'}
[54.246313] (rplidar_ros) StderrLine: {'line': b'      |                                                \x1b[01;35m\x1b[K~~~~^~~~~~~\x1b[m\x1b[K\n'}
[54.246995] (rplidar_ros) StderrLine: {'line': b'\x1b[01m\x1b[K/root/humble_ws/src/rplidar_ros/sdk/src/dataunpacker/dataunpacker.h:54:66:\x1b[m\x1b[K \x1b[01;35m\x1b[Kwarning: \x1b[m\x1b[Kunused parameter \xe2\x80\x98\x1b[01m\x1b[KcustomCode\x1b[m\x1b[K\xe2\x80\x99 [\x1b[01;35m\x1b[K-Wunused-parameter\x1b[m\x1b[K]\n'}
[54.247720] (rplidar_ros) StderrLine: {'line': b'   54 |         virtual void onCustomSampleDataDecoded(_u8 ansType, \x1b[01;35m\x1b[K_u32 customCode\x1b[m\x1b[K, const void* data, size_t size) {}\n'}
[54.248414] (rplidar_ros) StderrLine: {'line': b'      |                                                             \x1b[01;35m\x1b[K~~~~~^~~~~~~~~~\x1b[m\x1b[K\n'}
[54.249183] (rplidar_ros) StderrLine: {'line': b'\x1b[01m\x1b[K/root/humble_ws/src/rplidar_ros/sdk/src/dataunpacker/dataunpacker.h:54:90:\x1b[m\x1b[K \x1b[01;35m\x1b[Kwarning: \x1b[m\x1b[Kunused parameter \xe2\x80\x98\x1b[01m\x1b[Kdata\x1b[m\x1b[K\xe2\x80\x99 [\x1b[01;35m\x1b[K-Wunused-parameter\x1b[m\x1b[K]\n'}
[54.249831] (rplidar_ros) StderrLine: {'line': b'   54 | virtual void onCustomSampleDataDecoded(_u8 ansType, _u32 customCode, \x1b[01;35m\x1b[Kconst void* data\x1b[m\x1b[K, size_t size) {}\n'}
[54.250571] (rplidar_ros) StderrLine: {'line': b'      |                                                                      \x1b[01;35m\x1b[K~~~~~~~~~~~~^~~~\x1b[m\x1b[K\n'}
[54.251258] (rplidar_ros) StderrLine: {'line': b'\n'}
[54.252380] (rplidar_ros) StderrLine: {'line': b'\x1b[01m\x1b[K/root/humble_ws/src/rplidar_ros/sdk/src/dataunpacker/dataunpacker.h:54:103:\x1b[m\x1b[K \x1b[01;35m\x1b[Kwarning: \x1b[m\x1b[Kunused parameter \xe2\x80\x98\x1b[01m\x1b[Ksize\x1b[m\x1b[K\xe2\x80\x99 [\x1b[01;35m\x1b[K-Wunused-parameter\x1b[m\x1b[K]\n'}
[54.253379] (rplidar_ros) StderrLine: {'line': b'   54 | id onCustomSampleDataDecoded(_u8 ansType, _u32 customCode, const void* data, \x1b[01;35m\x1b[Ksize_t size\x1b[m\x1b[K) {}\n'}
[54.254227] (rplidar_ros) StderrLine: {'line': b'      |                                                                              \x1b[01;35m\x1b[K~~~~~~~^~~~\x1b[m\x1b[K\n'}
[54.254948] (rplidar_ros) StderrLine: {'line': b'\n'}
[54.255806] (rplidar_ros) StderrLine: {'line': b'\x1b[01m\x1b[K/root/humble_ws/src/rplidar_ros/sdk/src/dataunpacker/dataunpacker.h:\x1b[m\x1b[K In member function \xe2\x80\x98\x1b[01m\x1b[Kvirtual void sl::internal::LIDARSampleDataListener::onDecodingError(int, _u8, const void*, size_t)\x1b[m\x1b[K\xe2\x80\x99:\n'}
[54.256519] (rplidar_ros) StderrLine: {'line': b'\x1b[01m\x1b[K/root/humble_ws/src/rplidar_ros/sdk/src/dataunpacker/dataunpacker.h:56:42:\x1b[m\x1b[K \x1b[01;35m\x1b[Kwarning: \x1b[m\x1b[Kunused parameter \xe2\x80\x98\x1b[01m\x1b[KerrMsg\x1b[m\x1b[K\xe2\x80\x99 [\x1b[01;35m\x1b[K-Wunused-parameter\x1b[m\x1b[K]\n'}
[54.257247] (rplidar_ros) StderrLine: {'line': b'   56 |         virtual void onDecodingError(\x1b[01;35m\x1b[Kint errMsg\x1b[m\x1b[K, _u8 ansType, const void* payload, size_t size) {}\n'}
[54.258562] (rplidar_ros) StderrLine: {'line': b'      |                                      \x1b[01;35m\x1b[K~~~~^~~~~~\x1b[m\x1b[K\n'}
[54.259045] (rplidar_ros) StderrLine: {'line': b'\x1b[01m\x1b[K/root/humble_ws/src/rplidar_ros/sdk/src/dataunpacker/dataunpacker.h:56:54:\x1b[m\x1b[K \x1b[01;35m\x1b[Kwarning: \x1b[m\x1b[Kunused parameter \xe2\x80\x98\x1b[01m\x1b[KansType\x1b[m\x1b[K\xe2\x80\x99 [\x1b[01;35m\x1b[K-Wunused-parameter\x1b[m\x1b[K]\n'}
[54.259477] (rplidar_ros) StderrLine: {'line': b'   56 |         virtual void onDecodingError(int errMsg, \x1b[01;35m\x1b[K_u8 ansType\x1b[m\x1b[K, const void* payload, size_t size) {}\n'}
[54.259877] (rplidar_ros) StderrLine: {'line': b'      |                                                  \x1b[01;35m\x1b[K~~~~^~~~~~~\x1b[m\x1b[K\n'}
[54.260267] (rplidar_ros) StderrLine: {'line': b'\x1b[01m\x1b[K/root/humble_ws/src/rplidar_ros/sdk/src/dataunpacker/dataunpacker.h:56:75:\x1b[m\x1b[K \x1b[01;35m\x1b[Kwarning: \x1b[m\x1b[Kunused parameter \xe2\x80\x98\x1b[01m\x1b[Kpayload\x1b[m\x1b[K\xe2\x80\x99 [\x1b[01;35m\x1b[K-Wunused-parameter\x1b[m\x1b[K]\n'}
[54.260728] (rplidar_ros) StderrLine: {'line': b'   56 |         virtual void onDecodingError(int errMsg, _u8 ansType, \x1b[01;35m\x1b[Kconst void* payload\x1b[m\x1b[K, size_t size) {}\n'}
[54.272709] (rplidar_ros) StderrLine: {'line': b'      |                                                               \x1b[01;35m\x1b[K~~~~~~~~~~~~^~~~~~~\x1b[m\x1b[K\n'}
[54.273285] (rplidar_ros) StderrLine: {'line': b'\x1b[01m\x1b[K/root/humble_ws/src/rplidar_ros/sdk/src/dataunpacker/dataunpacker.h:56:91:\x1b[m\x1b[K \x1b[01;35m\x1b[Kwarning: \x1b[m\x1b[Kunused parameter \xe2\x80\x98\x1b[01m\x1b[Ksize\x1b[m\x1b[K\xe2\x80\x99 [\x1b[01;35m\x1b[K-Wunused-parameter\x1b[m\x1b[K]\n'}
[54.273710] (rplidar_ros) StderrLine: {'line': b'   56 |   virtual void onDecodingError(int errMsg, _u8 ansType, const void* payload, \x1b[01;35m\x1b[Ksize_t size\x1b[m\x1b[K) {}\n'}
[54.274083] (rplidar_ros) StderrLine: {'line': b'      |                                                                              \x1b[01;35m\x1b[K~~~~~~~^~~~\x1b[m\x1b[K\n'}
[54.274431] (rplidar_ros) StderrLine: {'line': b'\n'}
[54.302716] (rplidar_ros) StderrLine: {'line': b'In file included from \x1b[01m\x1b[K/root/humble_ws/src/rplidar_ros/sdk/src/sl_lidar_driver.cpp:51\x1b[m\x1b[K:\n'}
[54.303316] (-) TimerEvent: {}
[54.304286] (rplidar_ros) StderrLine: {'line': b'\x1b[01m\x1b[K/root/humble_ws/src/rplidar_ros/sdk/src/sl_async_transceiver.h:\x1b[m\x1b[K In member function \xe2\x80\x98\x1b[01m\x1b[Kvirtual void sl::internal::IAsyncProtocolCodec::onChannelError(u_result)\x1b[m\x1b[K\xe2\x80\x99:\n'}
[54.304867] (rplidar_ros) StderrLine: {'line': b'\x1b[01m\x1b[K/root/humble_ws/src/rplidar_ros/sdk/src/sl_async_transceiver.h:90:48:\x1b[m\x1b[K \x1b[01;35m\x1b[Kwarning: \x1b[m\x1b[Kunused parameter \xe2\x80\x98\x1b[01m\x1b[KerrCode\x1b[m\x1b[K\xe2\x80\x99 [\x1b[01;35m\x1b[K-Wunused-parameter\x1b[m\x1b[K]\n'}
[54.305295] (rplidar_ros) StderrLine: {'line': b'   90 |         virtual void   onChannelError(\x1b[01;35m\x1b[Ku_result errCode\x1b[m\x1b[K) {}\n'}
[54.305690] (rplidar_ros) StderrLine: {'line': b'      |                                       \x1b[01;35m\x1b[K~~~~~~~~~^~~~~~~\x1b[m\x1b[K\n'}
[54.403532] (-) TimerEvent: {}
[54.404943] (rplidar_ros) StderrLine: {'line': b'\x1b[01m\x1b[K/root/humble_ws/src/rplidar_ros/sdk/src/sl_lidar_driver.cpp:\x1b[m\x1b[K In member function \xe2\x80\x98\x1b[01m\x1b[Kvirtual sl_result sl::SlamtecLidarDriver::reset(sl_u32)\x1b[m\x1b[K\xe2\x80\x99:\n'}
[54.405775] (rplidar_ros) StderrLine: {'line': b'\x1b[01m\x1b[K/root/humble_ws/src/rplidar_ros/sdk/src/sl_lidar_driver.cpp:511:32:\x1b[m\x1b[K \x1b[01;35m\x1b[Kwarning: \x1b[m\x1b[Kunused parameter \xe2\x80\x98\x1b[01m\x1b[KtimeoutInMs\x1b[m\x1b[K\xe2\x80\x99 [\x1b[01;35m\x1b[K-Wunused-parameter\x1b[m\x1b[K]\n'}
[54.406423] (rplidar_ros) StderrLine: {'line': b'  511 |         sl_result reset(\x1b[01;35m\x1b[Ksl_u32 timeoutInMs = DEFAULT_TIMEOUT\x1b[m\x1b[K)\n'}
[54.407099] (rplidar_ros) StderrLine: {'line': b'      |                         \x1b[01;35m\x1b[K~~~~~~~^~~~~~~~~~~~~~~~~~~~~~~~~~~~~\x1b[m\x1b[K\n'}
[54.424720] (rplidar_ros) StderrLine: {'line': b'\x1b[01m\x1b[K/root/humble_ws/src/rplidar_ros/sdk/src/sl_lidar_driver.cpp:\x1b[m\x1b[K In member function \xe2\x80\x98\x1b[01m\x1b[Kvirtual sl_result sl::SlamtecLidarDriver::startScan(bool, bool, sl_u32, sl::LidarScanMode*)\x1b[m\x1b[K\xe2\x80\x99:\n'}
[54.425571] (rplidar_ros) StderrLine: {'line': b'\x1b[01m\x1b[K/root/humble_ws/src/rplidar_ros/sdk/src/sl_lidar_driver.cpp:586:69:\x1b[m\x1b[K \x1b[01;35m\x1b[Kwarning: \x1b[m\x1b[Kunused parameter \xe2\x80\x98\x1b[01m\x1b[Koptions\x1b[m\x1b[K\xe2\x80\x99 [\x1b[01;35m\x1b[K-Wunused-parameter\x1b[m\x1b[K]\n'}
[54.426277] (rplidar_ros) StderrLine: {'line': b'  586 |         sl_result startScan(bool force, bool useTypicalScan, \x1b[01;35m\x1b[Ksl_u32 options = 0\x1b[m\x1b[K, LidarScanMode* outUsedScanMode = nullptr)\n'}
[54.426968] (rplidar_ros) StderrLine: {'line': b'      |                                                              \x1b[01;35m\x1b[K~~~~~~~^~~~~~~~~~~\x1b[m\x1b[K\n'}
[54.440941] (rplidar_ros) StderrLine: {'line': b'\x1b[01m\x1b[K/root/humble_ws/src/rplidar_ros/sdk/src/sl_lidar_driver.cpp:\x1b[m\x1b[K In member function \xe2\x80\x98\x1b[01m\x1b[Kvirtual sl_result sl::SlamtecLidarDriver::stop(sl_u32)\x1b[m\x1b[K\xe2\x80\x99:\n'}
[54.441529] (rplidar_ros) StderrLine: {'line': b'\x1b[01m\x1b[K/root/humble_ws/src/rplidar_ros/sdk/src/sl_lidar_driver.cpp:763:31:\x1b[m\x1b[K \x1b[01;35m\x1b[Kwarning: \x1b[m\x1b[Kunused parameter \xe2\x80\x98\x1b[01m\x1b[Ktimeout\x1b[m\x1b[K\xe2\x80\x99 [\x1b[01;35m\x1b[K-Wunused-parameter\x1b[m\x1b[K]\n'}
[54.441981] (rplidar_ros) StderrLine: {'line': b'  763 |         sl_result stop(\x1b[01;35m\x1b[Ksl_u32 timeout = DEFAULT_TIMEOUT\x1b[m\x1b[K)\n'}
[54.442344] (rplidar_ros) StderrLine: {'line': b'      |                        \x1b[01;35m\x1b[K~~~~~~~^~~~~~~~~~~~~~~~~~~~~~~~~\x1b[m\x1b[K\n'}
[54.448344] (rplidar_ros) StderrLine: {'line': b'\x1b[01m\x1b[K/root/humble_ws/src/rplidar_ros/sdk/src/sl_lidar_driver.cpp:\x1b[m\x1b[K In member function \xe2\x80\x98\x1b[01m\x1b[Kvirtual sl_result sl::SlamtecLidarDriver::getFrequency(const sl::LidarScanMode&, const sl_lidar_response_measurement_node_hq_t*, size_t, float&)\x1b[m\x1b[K\xe2\x80\x99:\n'}
[54.449275] (rplidar_ros) StderrLine: {'line': b'\x1b[01m\x1b[K/root/humble_ws/src/rplidar_ros/sdk/src/sl_lidar_driver.cpp:880:110:\x1b[m\x1b[K \x1b[01;35m\x1b[Kwarning: \x1b[m\x1b[Kunused parameter \xe2\x80\x98\x1b[01m\x1b[Knodes\x1b[m\x1b[K\xe2\x80\x99 [\x1b[01;35m\x1b[K-Wunused-parameter\x1b[m\x1b[K]\n'}
[54.449803] (rplidar_ros) StderrLine: {'line': b'  880 | cy(const LidarScanMode& scanMode, \x1b[01;35m\x1b[Kconst sl_lidar_response_measurement_node_hq_t* nodes\x1b[m\x1b[K, size_t count, float& frequency)\n'}
[54.450185] (rplidar_ros) StderrLine: {'line': b'      |                                   \x1b[01;35m\x1b[K~~~~~~~~~~~~~~~~~~~~~~~~~~~~~~~~~~~~~~~~~~~~~~~^~~~~\x1b[m\x1b[K\n'}
[54.450554] (rplidar_ros) StderrLine: {'line': b'\n'}
[54.460121] (rplidar_ros) StderrLine: {'line': b'\x1b[01m\x1b[K/root/humble_ws/src/rplidar_ros/sdk/src/sl_lidar_driver.cpp:\x1b[m\x1b[K In member function \xe2\x80\x98\x1b[01m\x1b[Kvirtual sl_result sl::SlamtecLidarDriver::getMotorInfo(sl::LidarMotorInfo&, sl_u32)\x1b[m\x1b[K\xe2\x80\x99:\n'}
[54.461054] (rplidar_ros) StderrLine: {'line': b'\x1b[01m\x1b[K/root/humble_ws/src/rplidar_ros/sdk/src/sl_lidar_driver.cpp:1023:66:\x1b[m\x1b[K \x1b[01;35m\x1b[Kwarning: \x1b[m\x1b[Kunused parameter \xe2\x80\x98\x1b[01m\x1b[KtimeoutInMs\x1b[m\x1b[K\xe2\x80\x99 [\x1b[01;35m\x1b[K-Wunused-parameter\x1b[m\x1b[K]\n'}
[54.461785] (rplidar_ros) StderrLine: {'line': b' 1023 |         sl_result getMotorInfo(LidarMotorInfo &motorInfo, \x1b[01;35m\x1b[Ksl_u32 timeoutInMs\x1b[m\x1b[K)\n'}
[54.462456] (rplidar_ros) StderrLine: {'line': b'      |                                                           \x1b[01;35m\x1b[K~~~~~~~^~~~~~~~~~~\x1b[m\x1b[K\n'}
[54.465652] (rplidar_ros) StderrLine: {'line': b'In file included from \x1b[01m\x1b[K/root/humble_ws/src/rplidar_ros/sdk/include/sl_lidar_cmd.h:41\x1b[m\x1b[K,\n'}
[54.466508] (rplidar_ros) StderrLine: {'line': b'                 from \x1b[01m\x1b[K/root/humble_ws/src/rplidar_ros/sdk/include/sl_lidar_driver.h:54\x1b[m\x1b[K,\n'}
[54.467254] (rplidar_ros) StderrLine: {'line': b'                 from \x1b[01m\x1b[K/root/humble_ws/src/rplidar_ros/sdk/src/sl_serial_channel.cpp:33\x1b[m\x1b[K:\n'}
[54.468066] (rplidar_ros) StderrLine: {'line': b'\x1b[01m\x1b[K/root/humble_ws/src/rplidar_ros/sdk/include/sl_lidar_protocol.h:66:16:\x1b[m\x1b[K \x1b[01;35m\x1b[Kwarning: \x1b[m\x1b[KISO C++ forbids zero-size array \xe2\x80\x98\x1b[01m\x1b[Kdata\x1b[m\x1b[K\xe2\x80\x99 [\x1b[01;35m\x1b[K-Wpedantic\x1b[m\x1b[K]\n'}
[54.469045] (rplidar_ros) StderrLine: {'line': b'   66 |     sl_u8 data[\x1b[01;35m\x1b[K0\x1b[m\x1b[K];\n'}
[54.469733] (rplidar_ros) StderrLine: {'line': b'      |                \x1b[01;35m\x1b[K^\x1b[m\x1b[K\n'}
[54.470347] (rplidar_ros) StderrLine: {'line': b'\x1b[01m\x1b[K/root/humble_ws/src/rplidar_ros/sdk/src/sl_lidar_driver.cpp:\x1b[m\x1b[K In member function \xe2\x80\x98\x1b[01m\x1b[Ku_result sl::SlamtecLidarDriver::getScanModeCount(sl_u16&, sl_u32)\x1b[m\x1b[K\xe2\x80\x99:\n'}
[54.470976] (rplidar_ros) StderrLine: {'line': b'\x1b[01m\x1b[K/root/humble_ws/src/rplidar_ros/sdk/src/sl_lidar_driver.cpp:1199:61:\x1b[m\x1b[K \x1b[01;35m\x1b[Kwarning: \x1b[m\x1b[Kunused parameter \xe2\x80\x98\x1b[01m\x1b[KtimeoutInMs\x1b[m\x1b[K\xe2\x80\x99 [\x1b[01;35m\x1b[K-Wunused-parameter\x1b[m\x1b[K]\n'}
[54.471627] (rplidar_ros) StderrLine: {'line': b' 1199 |         u_result getScanModeCount(sl_u16& modeCount, \x1b[01;35m\x1b[Ksl_u32 timeoutInMs = DEFAULT_TIMEOUT\x1b[m\x1b[K)\n'}
[54.472267] (rplidar_ros) StderrLine: {'line': b'      |                                                      \x1b[01;35m\x1b[K~~~~~~~^~~~~~~~~~~~~~~~~~~~~~~~~~~~~\x1b[m\x1b[K\n'}
[54.473008] (rplidar_ros) StderrLine: {'line': b'In file included from \x1b[01m\x1b[K/root/humble_ws/src/rplidar_ros/sdk/include/sl_lidar_driver.h:54\x1b[m\x1b[K,\n'}
[54.473730] (rplidar_ros) StderrLine: {'line': b'                 from \x1b[01m\x1b[K/root/humble_ws/src/rplidar_ros/sdk/src/sl_serial_channel.cpp:33\x1b[m\x1b[K:\n'}
[54.474422] (rplidar_ros) StderrLine: {'line': b'\x1b[01m\x1b[K/root/humble_ws/src/rplidar_ros/sdk/include/sl_lidar_cmd.h:324:20:\x1b[m\x1b[K \x1b[01;35m\x1b[Kwarning: \x1b[m\x1b[KISO C++ forbids zero-size array \xe2\x80\x98\x1b[01m\x1b[Kpayload\x1b[m\x1b[K\xe2\x80\x99 [\x1b[01;35m\x1b[K-Wpedantic\x1b[m\x1b[K]\n'}
[54.475172] (rplidar_ros) StderrLine: {'line': b'  324 |     sl_u8  payload[\x1b[01;35m\x1b[K0\x1b[m\x1b[K];\n'}
[54.475902] (rplidar_ros) StderrLine: {'line': b'      |                    \x1b[01;35m\x1b[K^\x1b[m\x1b[K\n'}
[54.503724] (-) TimerEvent: {}
[54.606174] (-) TimerEvent: {}
[54.663772] (rplidar_ros) StderrLine: {'line': b'In file included from \x1b[01m\x1b[K/root/humble_ws/src/rplidar_ros/sdk/src/sl_lidarprotocol_codec.cpp:49\x1b[m\x1b[K:\n'}
[54.664849] (rplidar_ros) StderrLine: {'line': b'\x1b[01m\x1b[K/root/humble_ws/src/rplidar_ros/sdk/src/sl_async_transceiver.h:\x1b[m\x1b[K In member function \xe2\x80\x98\x1b[01m\x1b[Kvirtual void sl::internal::IAsyncProtocolCodec::onChannelError(u_result)\x1b[m\x1b[K\xe2\x80\x99:\n'}
[54.665709] (rplidar_ros) StderrLine: {'line': b'\x1b[01m\x1b[K/root/humble_ws/src/rplidar_ros/sdk/src/sl_async_transceiver.h:90:48:\x1b[m\x1b[K \x1b[01;35m\x1b[Kwarning: \x1b[m\x1b[Kunused parameter \xe2\x80\x98\x1b[01m\x1b[KerrCode\x1b[m\x1b[K\xe2\x80\x99 [\x1b[01;35m\x1b[K-Wunused-parameter\x1b[m\x1b[K]\n'}
[54.666545] (rplidar_ros) StderrLine: {'line': b'   90 |         virtual void   onChannelError(\x1b[01;35m\x1b[Ku_result errCode\x1b[m\x1b[K) {}\n'}
[54.667306] (rplidar_ros) StderrLine: {'line': b'      |                                       \x1b[01;35m\x1b[K~~~~~~~~~^~~~~~~\x1b[m\x1b[K\n'}
[54.671934] (rplidar_ros) StderrLine: {'line': b'/root/humble_ws/src/rplidar_ros/sdk/src/sl_lidar_driver.cpp: In instantiation of \xe2\x80\x98\x1b[01m\x1b[Kvoid sl::RawSampleNodeHolder<T>::pushNode(_u64, const T*) [with T = sl_lidar_response_measurement_node_hq_t; _u64 = long unsigned int]\x1b[m\x1b[K\xe2\x80\x99:\n'}
[54.672881] (rplidar_ros) StderrLine: {'line': b'\x1b[01m\x1b[K/root/humble_ws/src/rplidar_ros/sdk/src/sl_lidar_driver.cpp:1648:42:\x1b[m\x1b[K   required from here\n'}
[54.673722] (rplidar_ros) StderrLine: {'line': b'\x1b[01m\x1b[K/root/humble_ws/src/rplidar_ros/sdk/src/sl_lidar_driver.cpp:202:28:\x1b[m\x1b[K \x1b[01;35m\x1b[Kwarning: \x1b[m\x1b[Kunused parameter \xe2\x80\x98\x1b[01m\x1b[Ktimestamp_uS\x1b[m\x1b[K\xe2\x80\x99 [\x1b[01;35m\x1b[K-Wunused-parameter\x1b[m\x1b[K]\n'}
[54.674550] (rplidar_ros) StderrLine: {'line': b'  202 |         void pushNode(\x1b[01;35m\x1b[K_u64 timestamp_uS\x1b[m\x1b[K, const T* node)\n'}
[54.675336] (rplidar_ros) StderrLine: {'line': b'      |                       \x1b[01;35m\x1b[K~~~~~^~~~~~~~~~~~\x1b[m\x1b[K\n'}
[54.706360] (-) TimerEvent: {}
[54.749618] (rplidar_ros) StdoutLine: {'line': b'[ 97%] \x1b[32mBuilding CXX object CMakeFiles/rplidar_node.dir/sdk/src/sl_udp_channel.cpp.o\x1b[0m\n'}
[54.806556] (-) TimerEvent: {}
[54.908826] (-) TimerEvent: {}
[55.011039] (-) TimerEvent: {}
[55.113215] (-) TimerEvent: {}
[55.203945] (rplidar_ros) StderrLine: {'line': b'\x1b[01m\x1b[K/root/humble_ws/src/rplidar_ros/sdk/src/sl_lidar_driver.cpp:\x1b[m\x1b[K At global scope:\n'}
[55.204729] (rplidar_ros) StderrLine: {'line': b'\x1b[01m\x1b[K/root/humble_ws/src/rplidar_ros/sdk/src/sl_lidar_driver.cpp:83:17:\x1b[m\x1b[K \x1b[01;35m\x1b[Kwarning: \x1b[m\x1b[K\xe2\x80\x98\x1b[01m\x1b[Kvoid sl::convert(const sl_lidar_response_measurement_node_hq_t&, sl_lidar_response_measurement_node_t&)\x1b[m\x1b[K\xe2\x80\x99 defined but not used [\x1b[01;35m\x1b[K-Wunused-function\x1b[m\x1b[K]\n'}
[55.205321] (rplidar_ros) StderrLine: {'line': b'   83 |     static void \x1b[01;35m\x1b[Kconvert\x1b[m\x1b[K(const sl_lidar_response_measurement_node_hq_t& from, sl_lidar_response_measurement_node_t& to)\n'}
[55.205842] (rplidar_ros) StderrLine: {'line': b'      |                 \x1b[01;35m\x1b[K^~~~~~~\x1b[m\x1b[K\n'}
[55.206318] (rplidar_ros) StderrLine: {'line': b'\x1b[01m\x1b[K/root/humble_ws/src/rplidar_ros/sdk/src/sl_lidar_driver.cpp:75:17:\x1b[m\x1b[K \x1b[01;35m\x1b[Kwarning: \x1b[m\x1b[K\xe2\x80\x98\x1b[01m\x1b[Kvoid sl::convert(const sl_lidar_response_measurement_node_t&, sl_lidar_response_measurement_node_hq_t&)\x1b[m\x1b[K\xe2\x80\x99 defined but not used [\x1b[01;35m\x1b[K-Wunused-function\x1b[m\x1b[K]\n'}
[55.206832] (rplidar_ros) StderrLine: {'line': b'   75 |     static void \x1b[01;35m\x1b[Kconvert\x1b[m\x1b[K(const sl_lidar_response_measurement_node_t& from, sl_lidar_response_measurement_node_hq_t& to)\n'}
[55.207264] (rplidar_ros) StderrLine: {'line': b'      |                 \x1b[01;35m\x1b[K^~~~~~~\x1b[m\x1b[K\n'}
[55.207674] (rplidar_ros) StderrLine: {'line': b'\x1b[01m\x1b[K/root/humble_ws/src/rplidar_ros/sdk/src/sl_lidar_driver.cpp:70:17:\x1b[m\x1b[K \x1b[01;35m\x1b[Kwarning: \x1b[m\x1b[K\xe2\x80\x98\x1b[01m\x1b[Kvoid sl::printDeprecationWarn(const char*, const char*)\x1b[m\x1b[K\xe2\x80\x99 defined but not used [\x1b[01;35m\x1b[K-Wunused-function\x1b[m\x1b[K]\n'}
[55.208093] (rplidar_ros) StderrLine: {'line': b'   70 |     static void \x1b[01;35m\x1b[KprintDeprecationWarn\x1b[m\x1b[K(const char* fn, const char* replacement)\n'}
[55.208503] (rplidar_ros) StderrLine: {'line': b'      |                 \x1b[01;35m\x1b[K^~~~~~~~~~~~~~~~~~~~\x1b[m\x1b[K\n'}
[55.213388] (-) TimerEvent: {}
[55.231838] (rplidar_ros) StderrLine: {'line': b'In file included from \x1b[01m\x1b[K/root/humble_ws/src/rplidar_ros/sdk/include/sl_lidar_cmd.h:41\x1b[m\x1b[K,\n'}
[55.232407] (rplidar_ros) StderrLine: {'line': b'                 from \x1b[01m\x1b[K/root/humble_ws/src/rplidar_ros/sdk/include/sl_lidar_driver.h:54\x1b[m\x1b[K,\n'}
[55.232938] (rplidar_ros) StderrLine: {'line': b'                 from \x1b[01m\x1b[K/root/humble_ws/src/rplidar_ros/sdk/src/sl_tcp_channel.cpp:33\x1b[m\x1b[K:\n'}
[55.233340] (rplidar_ros) StderrLine: {'line': b'\x1b[01m\x1b[K/root/humble_ws/src/rplidar_ros/sdk/include/sl_lidar_protocol.h:66:16:\x1b[m\x1b[K \x1b[01;35m\x1b[Kwarning: \x1b[m\x1b[KISO C++ forbids zero-size array \xe2\x80\x98\x1b[01m\x1b[Kdata\x1b[m\x1b[K\xe2\x80\x99 [\x1b[01;35m\x1b[K-Wpedantic\x1b[m\x1b[K]\n'}
[55.234022] (rplidar_ros) StderrLine: {'line': b'   66 |     sl_u8 data[\x1b[01;35m\x1b[K0\x1b[m\x1b[K];\n'}
[55.234448] (rplidar_ros) StderrLine: {'line': b'      |                \x1b[01;35m\x1b[K^\x1b[m\x1b[K\n'}
[55.234842] (rplidar_ros) StderrLine: {'line': b'In file included from \x1b[01m\x1b[K/root/humble_ws/src/rplidar_ros/sdk/include/sl_lidar_driver.h:54\x1b[m\x1b[K,\n'}
[55.235244] (rplidar_ros) StderrLine: {'line': b'                 from \x1b[01m\x1b[K/root/humble_ws/src/rplidar_ros/sdk/src/sl_tcp_channel.cpp:33\x1b[m\x1b[K:\n'}
[55.235639] (rplidar_ros) StderrLine: {'line': b'\x1b[01m\x1b[K/root/humble_ws/src/rplidar_ros/sdk/include/sl_lidar_cmd.h:324:20:\x1b[m\x1b[K \x1b[01;35m\x1b[Kwarning: \x1b[m\x1b[KISO C++ forbids zero-size array \xe2\x80\x98\x1b[01m\x1b[Kpayload\x1b[m\x1b[K\xe2\x80\x99 [\x1b[01;35m\x1b[K-Wpedantic\x1b[m\x1b[K]\n'}
[55.236049] (rplidar_ros) StderrLine: {'line': b'  324 |     sl_u8  payload[\x1b[01;35m\x1b[K0\x1b[m\x1b[K];\n'}
[55.236449] (rplidar_ros) StderrLine: {'line': b'      |                    \x1b[01;35m\x1b[K^\x1b[m\x1b[K\n'}
[55.252645] (rplidar_ros) StderrLine: {'line': b'\x1b[01m\x1b[K/root/humble_ws/src/rplidar_ros/sdk/src/sl_tcp_channel.cpp:\x1b[m\x1b[K In member function \xe2\x80\x98\x1b[01m\x1b[Kvoid sl::TcpChannel::setStatus(_u32)\x1b[m\x1b[K\xe2\x80\x99:\n'}
[55.253249] (rplidar_ros) StderrLine: {'line': b'\x1b[01m\x1b[K/root/humble_ws/src/rplidar_ros/sdk/src/sl_tcp_channel.cpp:109:29:\x1b[m\x1b[K \x1b[01;35m\x1b[Kwarning: \x1b[m\x1b[Kunused parameter \xe2\x80\x98\x1b[01m\x1b[Kflag\x1b[m\x1b[K\xe2\x80\x99 [\x1b[01;35m\x1b[K-Wunused-parameter\x1b[m\x1b[K]\n'}
[55.253759] (rplidar_ros) StderrLine: {'line': b'  109 |         void setStatus(\x1b[01;35m\x1b[K_u32 flag\x1b[m\x1b[K){}\n'}
[55.254189] (rplidar_ros) StderrLine: {'line': b'      |                        \x1b[01;35m\x1b[K~~~~~^~~~\x1b[m\x1b[K\n'}
[55.313579] (-) TimerEvent: {}
[55.416025] (-) TimerEvent: {}
[55.518610] (-) TimerEvent: {}
[55.619252] (-) TimerEvent: {}
[55.719955] (-) TimerEvent: {}
[55.820667] (-) TimerEvent: {}
[55.864673] (rplidar_ros) StderrLine: {'line': b'In file included from \x1b[01m\x1b[K/root/humble_ws/src/rplidar_ros/sdk/include/sl_lidar_cmd.h:41\x1b[m\x1b[K,\n'}
[55.865268] (rplidar_ros) StderrLine: {'line': b'                 from \x1b[01m\x1b[K/root/humble_ws/src/rplidar_ros/sdk/include/sl_lidar_driver.h:54\x1b[m\x1b[K,\n'}
[55.865681] (rplidar_ros) StderrLine: {'line': b'                 from \x1b[01m\x1b[K/root/humble_ws/src/rplidar_ros/sdk/src/sl_udp_channel.cpp:33\x1b[m\x1b[K:\n'}
[55.866062] (rplidar_ros) StderrLine: {'line': b'\x1b[01m\x1b[K/root/humble_ws/src/rplidar_ros/sdk/include/sl_lidar_protocol.h:66:16:\x1b[m\x1b[K \x1b[01;35m\x1b[Kwarning: \x1b[m\x1b[KISO C++ forbids zero-size array \xe2\x80\x98\x1b[01m\x1b[Kdata\x1b[m\x1b[K\xe2\x80\x99 [\x1b[01;35m\x1b[K-Wpedantic\x1b[m\x1b[K]\n'}
[55.866435] (rplidar_ros) StderrLine: {'line': b'   66 |     sl_u8 data[\x1b[01;35m\x1b[K0\x1b[m\x1b[K];\n'}
[55.867170] (rplidar_ros) StderrLine: {'line': b'      |                \x1b[01;35m\x1b[K^\x1b[m\x1b[K\n'}
[55.867596] (rplidar_ros) StderrLine: {'line': b'In file included from \x1b[01m\x1b[K/root/humble_ws/src/rplidar_ros/sdk/include/sl_lidar_driver.h:54\x1b[m\x1b[K,\n'}
[55.868015] (rplidar_ros) StderrLine: {'line': b'                 from \x1b[01m\x1b[K/root/humble_ws/src/rplidar_ros/sdk/src/sl_udp_channel.cpp:33\x1b[m\x1b[K:\n'}
[55.868389] (rplidar_ros) StderrLine: {'line': b'\x1b[01m\x1b[K/root/humble_ws/src/rplidar_ros/sdk/include/sl_lidar_cmd.h:324:20:\x1b[m\x1b[K \x1b[01;35m\x1b[Kwarning: \x1b[m\x1b[KISO C++ forbids zero-size array \xe2\x80\x98\x1b[01m\x1b[Kpayload\x1b[m\x1b[K\xe2\x80\x99 [\x1b[01;35m\x1b[K-Wpedantic\x1b[m\x1b[K]\n'}
[55.868948] (rplidar_ros) StderrLine: {'line': b'  324 |     sl_u8  payload[\x1b[01;35m\x1b[K0\x1b[m\x1b[K];\n'}
[55.869367] (rplidar_ros) StderrLine: {'line': b'      |                    \x1b[01;35m\x1b[K^\x1b[m\x1b[K\n'}
[55.885298] (rplidar_ros) StderrLine: {'line': b'\x1b[01m\x1b[K/root/humble_ws/src/rplidar_ros/sdk/src/sl_udp_channel.cpp:\x1b[m\x1b[K In member function \xe2\x80\x98\x1b[01m\x1b[Kvoid sl::UdpChannel::setStatus(_u32)\x1b[m\x1b[K\xe2\x80\x99:\n'}
[55.885879] (rplidar_ros) StderrLine: {'line': b'\x1b[01m\x1b[K/root/humble_ws/src/rplidar_ros/sdk/src/sl_udp_channel.cpp:112:29:\x1b[m\x1b[K \x1b[01;35m\x1b[Kwarning: \x1b[m\x1b[Kunused parameter \xe2\x80\x98\x1b[01m\x1b[Kflag\x1b[m\x1b[K\xe2\x80\x99 [\x1b[01;35m\x1b[K-Wunused-parameter\x1b[m\x1b[K]\n'}
[55.886326] (rplidar_ros) StderrLine: {'line': b'  112 |         void setStatus(\x1b[01;35m\x1b[K_u32 flag\x1b[m\x1b[K){}\n'}
[55.886726] (rplidar_ros) StderrLine: {'line': b'      |                        \x1b[01;35m\x1b[K~~~~~^~~~\x1b[m\x1b[K\n'}
[55.920902] (-) TimerEvent: {}
[56.021550] (-) TimerEvent: {}
[56.122219] (-) TimerEvent: {}
[56.222887] (-) TimerEvent: {}
[56.323607] (-) TimerEvent: {}
[56.424329] (-) TimerEvent: {}
[56.525102] (-) TimerEvent: {}
[56.625702] (-) TimerEvent: {}
[56.724170] (rplidar_ros) StdoutLine: {'line': b'[100%] \x1b[32m\x1b[1mLinking CXX executable rplidar_node\x1b[0m\n'}
[56.725816] (-) TimerEvent: {}
[56.826430] (-) TimerEvent: {}
[56.927123] (-) TimerEvent: {}
[57.027848] (-) TimerEvent: {}
[57.128684] (-) TimerEvent: {}
[57.229378] (-) TimerEvent: {}
[57.330088] (-) TimerEvent: {}
[57.430721] (-) TimerEvent: {}
[57.531389] (-) TimerEvent: {}
[57.632047] (-) TimerEvent: {}
[57.732744] (-) TimerEvent: {}
[57.833421] (-) TimerEvent: {}
[57.934082] (-) TimerEvent: {}
[58.018787] (rplidar_ros) StdoutLine: {'line': b'[100%] Built target rplidar_node\n'}
[58.034301] (-) TimerEvent: {}
[58.095845] (rplidar_ros) CommandEnded: {'returncode': 0}
[58.110595] (rplidar_ros) JobProgress: {'identifier': 'rplidar_ros', 'progress': 'install'}
[58.134475] (-) TimerEvent: {}
[58.144399] (rplidar_ros) Command: {'cmd': ['/usr/bin/cmake', '--install', '/root/humble_ws/build/rplidar_ros'], 'cwd': '/root/humble_ws/build/rplidar_ros', 'env': OrderedDict([('LESSOPEN', '| /usr/bin/lesspipe %s'), ('HOSTNAME', 'as0-desktop'), ('SHLVL', '1'), ('LD_LIBRARY_PATH', '/opt/ros/humble/opt/rviz_ogre_vendor/lib:/opt/ros/humble/lib/aarch64-linux-gnu:/opt/ros/humble/lib'), ('HOME', '/root'), ('OLDPWD', '/'), ('ROS_PYTHON_VERSION', '3'), ('LC_CTYPE', 'C.UTF-8'), ('COLCON_PREFIX_PATH', '/root/humble_ws/install'), ('ROS_DISTRO', 'humble'), ('_', '/usr/bin/colcon'), ('ROS_VERSION', '2'), ('TERM', 'xterm'), ('ROS_LOCALHOST_ONLY', '0'), ('PATH', '/opt/ros/humble/bin:/usr/local/sbin:/usr/local/bin:/usr/sbin:/usr/bin:/sbin:/bin'), ('LS_COLORS', 'rs=0:di=01;34:ln=01;36:mh=00:pi=40;33:so=01;35:do=01;35:bd=40;33;01:cd=40;33;01:or=40;31;01:mi=00:su=37;41:sg=30;43:ca=30;41:tw=30;42:ow=34;42:st=37;44:ex=01;32:*.tar=01;31:*.tgz=01;31:*.arc=01;31:*.arj=01;31:*.taz=01;31:*.lha=01;31:*.lz4=01;31:*.lzh=01;31:*.lzma=01;31:*.tlz=01;31:*.txz=01;31:*.tzo=01;31:*.t7z=01;31:*.zip=01;31:*.z=01;31:*.dz=01;31:*.gz=01;31:*.lrz=01;31:*.lz=01;31:*.lzo=01;31:*.xz=01;31:*.zst=01;31:*.tzst=01;31:*.bz2=01;31:*.bz=01;31:*.tbz=01;31:*.tbz2=01;31:*.tz=01;31:*.deb=01;31:*.rpm=01;31:*.jar=01;31:*.war=01;31:*.ear=01;31:*.sar=01;31:*.rar=01;31:*.alz=01;31:*.ace=01;31:*.zoo=01;31:*.cpio=01;31:*.7z=01;31:*.rz=01;31:*.cab=01;31:*.wim=01;31:*.swm=01;31:*.dwm=01;31:*.esd=01;31:*.jpg=01;35:*.jpeg=01;35:*.mjpg=01;35:*.mjpeg=01;35:*.gif=01;35:*.bmp=01;35:*.pbm=01;35:*.pgm=01;35:*.ppm=01;35:*.tga=01;35:*.xbm=01;35:*.xpm=01;35:*.tif=01;35:*.tiff=01;35:*.png=01;35:*.svg=01;35:*.svgz=01;35:*.mng=01;35:*.pcx=01;35:*.mov=01;35:*.mpg=01;35:*.mpeg=01;35:*.m2v=01;35:*.mkv=01;35:*.webm=01;35:*.webp=01;35:*.ogm=01;35:*.mp4=01;35:*.m4v=01;35:*.mp4v=01;35:*.vob=01;35:*.qt=01;35:*.nuv=01;35:*.wmv=01;35:*.asf=01;35:*.rm=01;35:*.rmvb=01;35:*.flc=01;35:*.avi=01;35:*.fli=01;35:*.flv=01;35:*.gl=01;35:*.dl=01;35:*.xcf=01;35:*.xwd=01;35:*.yuv=01;35:*.cgm=01;35:*.emf=01;35:*.ogv=01;35:*.ogx=01;35:*.aac=00;36:*.au=00;36:*.flac=00;36:*.m4a=00;36:*.mid=00;36:*.midi=00;36:*.mka=00;36:*.mp3=00;36:*.mpc=00;36:*.ogg=00;36:*.ra=00;36:*.wav=00;36:*.oga=00;36:*.opus=00;36:*.spx=00;36:*.xspf=00;36:'), ('ROS_DOMAIN_ID', '52'), ('AMENT_PREFIX_PATH', '/root/humble_ws/install/lab1:/opt/ros/humble'), ('LESSCLOSE', '/usr/bin/lesspipe %s %s'), ('PWD', '/root/humble_ws/build/rplidar_ros'), ('PYTHONPATH', '/root/humble_ws/build/lab1:/root/humble_ws/install/lab1/lib/python3.10/site-packages:/opt/ros/humble/lib/python3.10/site-packages:/opt/ros/humble/local/lib/python3.10/dist-packages'), ('COLCON', '1'), ('CMAKE_PREFIX_PATH', '/root/humble_ws/install/lab1:/opt/ros/humble')]), 'shell': False}
[58.166977] (rplidar_ros) StdoutLine: {'line': b'-- Install configuration: ""\n'}
[58.169523] (rplidar_ros) StdoutLine: {'line': b'-- Execute custom install script\n'}
[58.180026] (rplidar_ros) StdoutLine: {'line': b'-- Symlinking: /root/humble_ws/install/rplidar_ros/share/rplidar_ros/launch/rplidar_a1_launch.py\n'}
[58.204395] (rplidar_ros) StdoutLine: {'line': b'-- Symlinking: /root/humble_ws/install/rplidar_ros/share/rplidar_ros/launch/rplidar_a2m12_launch.py\n'}
[58.229330] (rplidar_ros) StdoutLine: {'line': b'-- Symlinking: /root/humble_ws/install/rplidar_ros/share/rplidar_ros/launch/rplidar_a2m7_launch.py\n'}
[58.234660] (-) TimerEvent: {}
[58.254243] (rplidar_ros) StdoutLine: {'line': b'-- Symlinking: /root/humble_ws/install/rplidar_ros/share/rplidar_ros/launch/rplidar_a2m8_launch.py\n'}
[58.279242] (rplidar_ros) StdoutLine: {'line': b'-- Symlinking: /root/humble_ws/install/rplidar_ros/share/rplidar_ros/launch/rplidar_a3_launch.py\n'}
[58.303453] (rplidar_ros) StdoutLine: {'line': b'-- Symlinking: /root/humble_ws/install/rplidar_ros/share/rplidar_ros/launch/rplidar_c1_launch.py\n'}
[58.328389] (rplidar_ros) StdoutLine: {'line': b'-- Symlinking: /root/humble_ws/install/rplidar_ros/share/rplidar_ros/launch/rplidar_s1_launch.py\n'}
[58.334914] (-) TimerEvent: {}
[58.353032] (rplidar_ros) StdoutLine: {'line': b'-- Symlinking: /root/humble_ws/install/rplidar_ros/share/rplidar_ros/launch/rplidar_s1_tcp_launch.py\n'}
[58.378124] (rplidar_ros) StdoutLine: {'line': b'-- Symlinking: /root/humble_ws/install/rplidar_ros/share/rplidar_ros/launch/rplidar_s2_launch.py\n'}
[58.402415] (rplidar_ros) StdoutLine: {'line': b'-- Symlinking: /root/humble_ws/install/rplidar_ros/share/rplidar_ros/launch/rplidar_s2e_launch.py\n'}
[58.427051] (rplidar_ros) StdoutLine: {'line': b'-- Symlinking: /root/humble_ws/install/rplidar_ros/share/rplidar_ros/launch/rplidar_s3_launch.py\n'}
[58.435078] (-) TimerEvent: {}
[58.451506] (rplidar_ros) StdoutLine: {'line': b'-- Symlinking: /root/humble_ws/install/rplidar_ros/share/rplidar_ros/launch/rplidar_t1_launch.py\n'}
[58.476988] (rplidar_ros) StdoutLine: {'line': b'-- Symlinking: /root/humble_ws/install/rplidar_ros/share/rplidar_ros/launch/view_rplidar_a1_launch.py\n'}
[58.501949] (rplidar_ros) StdoutLine: {'line': b'-- Symlinking: /root/humble_ws/install/rplidar_ros/share/rplidar_ros/launch/view_rplidar_a2m12_launch.py\n'}
[58.526553] (rplidar_ros) StdoutLine: {'line': b'-- Symlinking: /root/humble_ws/install/rplidar_ros/share/rplidar_ros/launch/view_rplidar_a2m7_launch.py\n'}
[58.535299] (-) TimerEvent: {}
[58.551035] (rplidar_ros) StdoutLine: {'line': b'-- Symlinking: /root/humble_ws/install/rplidar_ros/share/rplidar_ros/launch/view_rplidar_a2m8_launch.py\n'}
[58.575895] (rplidar_ros) StdoutLine: {'line': b'-- Symlinking: /root/humble_ws/install/rplidar_ros/share/rplidar_ros/launch/view_rplidar_a3_launch.py\n'}
[58.600523] (rplidar_ros) StdoutLine: {'line': b'-- Symlinking: /root/humble_ws/install/rplidar_ros/share/rplidar_ros/launch/view_rplidar_c1_launch.py\n'}
[58.624892] (rplidar_ros) StdoutLine: {'line': b'-- Symlinking: /root/humble_ws/install/rplidar_ros/share/rplidar_ros/launch/view_rplidar_s1_launch.py\n'}
[58.635464] (-) TimerEvent: {}
[58.649677] (rplidar_ros) StdoutLine: {'line': b'-- Symlinking: /root/humble_ws/install/rplidar_ros/share/rplidar_ros/launch/view_rplidar_s1_tcp_launch.py\n'}
[58.674804] (rplidar_ros) StdoutLine: {'line': b'-- Symlinking: /root/humble_ws/install/rplidar_ros/share/rplidar_ros/launch/view_rplidar_s2_launch.py\n'}
[58.699180] (rplidar_ros) StdoutLine: {'line': b'-- Symlinking: /root/humble_ws/install/rplidar_ros/share/rplidar_ros/launch/view_rplidar_s2e_launch.py\n'}
[58.723732] (rplidar_ros) StdoutLine: {'line': b'-- Symlinking: /root/humble_ws/install/rplidar_ros/share/rplidar_ros/launch/view_rplidar_s3_launch.py\n'}
[58.735625] (-) TimerEvent: {}
[58.748644] (rplidar_ros) StdoutLine: {'line': b'-- Symlinking: /root/humble_ws/install/rplidar_ros/share/rplidar_ros/launch/view_rplidar_t1_launch.py\n'}
[58.780144] (rplidar_ros) StdoutLine: {'line': b'-- Symlinking: /root/humble_ws/install/rplidar_ros/share/rplidar_ros/rviz/rplidar_ros.rviz\n'}
[58.805812] (rplidar_ros) StdoutLine: {'line': b'-- Symlinking: /root/humble_ws/install/rplidar_ros/lib/rplidar_ros/rplidar_node\n'}
[58.830319] (rplidar_ros) StdoutLine: {'line': b'-- Symlinking: /root/humble_ws/install/rplidar_ros/lib/rplidar_ros/rplidar_composition\n'}
[58.835779] (-) TimerEvent: {}
[58.854962] (rplidar_ros) StdoutLine: {'line': b'-- Symlinking: /root/humble_ws/install/rplidar_ros/lib/rplidar_ros/rplidar_client\n'}
[58.883871] (rplidar_ros) StdoutLine: {'line': b'-- Symlinking: /root/humble_ws/install/rplidar_ros/share/ament_index/resource_index/package_run_dependencies/rplidar_ros\n'}
[58.909844] (rplidar_ros) StdoutLine: {'line': b'-- Symlinking: /root/humble_ws/install/rplidar_ros/share/ament_index/resource_index/parent_prefix_path/rplidar_ros\n'}
[58.936002] (-) TimerEvent: {}
[58.941897] (rplidar_ros) StdoutLine: {'line': b'-- Symlinking: /root/humble_ws/install/rplidar_ros/share/rplidar_ros/environment/ament_prefix_path.sh\n'}
[58.968056] (rplidar_ros) StdoutLine: {'line': b'-- Symlinking: /root/humble_ws/install/rplidar_ros/share/rplidar_ros/environment/ament_prefix_path.dsv\n'}
[58.993254] (rplidar_ros) StdoutLine: {'line': b'-- Symlinking: /root/humble_ws/install/rplidar_ros/share/rplidar_ros/environment/path.sh\n'}
[59.018228] (rplidar_ros) StdoutLine: {'line': b'-- Symlinking: /root/humble_ws/install/rplidar_ros/share/rplidar_ros/environment/path.dsv\n'}
[59.036172] (-) TimerEvent: {}
[59.042906] (rplidar_ros) StdoutLine: {'line': b'-- Symlinking: /root/humble_ws/install/rplidar_ros/share/rplidar_ros/local_setup.bash\n'}
[59.068243] (rplidar_ros) StdoutLine: {'line': b'-- Symlinking: /root/humble_ws/install/rplidar_ros/share/rplidar_ros/local_setup.sh\n'}
[59.093108] (rplidar_ros) StdoutLine: {'line': b'-- Symlinking: /root/humble_ws/install/rplidar_ros/share/rplidar_ros/local_setup.zsh\n'}
[59.117719] (rplidar_ros) StdoutLine: {'line': b'-- Symlinking: /root/humble_ws/install/rplidar_ros/share/rplidar_ros/local_setup.dsv\n'}
[59.136390] (-) TimerEvent: {}
[59.142459] (rplidar_ros) StdoutLine: {'line': b'-- Symlinking: /root/humble_ws/install/rplidar_ros/share/rplidar_ros/package.dsv\n'}
[59.170241] (rplidar_ros) StdoutLine: {'line': b'-- Symlinking: /root/humble_ws/install/rplidar_ros/share/ament_index/resource_index/packages/rplidar_ros\n'}
[59.195991] (rplidar_ros) StdoutLine: {'line': b'-- Symlinking: /root/humble_ws/install/rplidar_ros/share/rplidar_ros/cmake/ament_cmake_export_dependencies-extras.cmake\n'}
[59.221409] (rplidar_ros) StdoutLine: {'line': b'-- Symlinking: /root/humble_ws/install/rplidar_ros/share/rplidar_ros/cmake/ament_cmake_export_include_directories-extras.cmake\n'}
[59.236607] (-) TimerEvent: {}
[59.246930] (rplidar_ros) StdoutLine: {'line': b'-- Symlinking: /root/humble_ws/install/rplidar_ros/share/rplidar_ros/cmake/rplidar_rosConfig.cmake\n'}
[59.272478] (rplidar_ros) StdoutLine: {'line': b'-- Symlinking: /root/humble_ws/install/rplidar_ros/share/rplidar_ros/cmake/rplidar_rosConfig-version.cmake\n'}
[59.297586] (rplidar_ros) StdoutLine: {'line': b'-- Symlinking: /root/humble_ws/install/rplidar_ros/share/rplidar_ros/package.xml\n'}
[59.327677] (rplidar_ros) CommandEnded: {'returncode': 0}
[59.336739] (-) TimerEvent: {}
[59.422772] (rplidar_ros) JobEnded: {'identifier': 'rplidar_ros', 'rc': 0}
[59.443199] (-) TimerEvent: {}
[59.443516] (-) EventReactorShutdown: {}
